WBSID,Nhóm,Thể Loại,Chiểu Sâu,Phiên Bản,Outline,Sort Helper,Title (WBS),STT,Level 1,Level 2,Level 3,"STT
Hoa Nghiêm","STT
Thủ Nhãn","STT
Tứ Liên Hoa","STT
Ngũ Tự","STT
Lục Tý","STT
10 Pháp Bảo","STT
Bảo Loa","STT
6-2-6-2","STT
Advanced","STT
GALAMI1","STT
GALAMI2","STT-GALAMI
","STT
LHBDT",A.3/3/3,A.4/3/3,A.5/3/3,A.5/5/5,A.Thường Trụ Bất Biến,A.Lục Tý,A.Ending,A.LHBDT,A.6/2/6/2,Nhó,C1 Tên CTT,C5 Thủ Nhãn-Tên,C2 Tên Dài CTT,C3 Giảng Giải CTT,C4 Siddham Code,C4 Siddham Unicode,C4 CTT-Image,C5 Dharma Object Name,C6 Pháp Bảo-Image,A1 Sự,A2 Lý,A3 Khai Dẫn,A4 Hành,A4 Hành A,A4 Hành B,A5 Trung Dẫn,A6 Chú Khởi Động,A8 Lời Khẳng Định,A9 Kết Dẫn,B1 Ritual,B2 Meaning,B3 Opening Instruction,B4 Action A,B4 Action B,B6 Activator,B7 Closing Íntruction,B8 Confirmation Statement,C4 CTT Link,C4 CTT-URL,C6 Pháp Bảo Link,C6 Pháp Bảo-URL,D1 Audio Link,D2 Video Bài Giảng,D3 Bài Giảng
0,0,0,0,0,1,00.00.00.00, 0 - Thiền - An Nhiên Tự Tại,A034,A,A,1,,,,,,,,,,,,,,,,,,,,,,,Thiền,,,,,,,,,,Thiền - An Nhiên Tự Tại,,"Tìm chỗ vắng lặng để ngồi. Thả lỏng, thư giãn toàn thân, chuyên chú vào từng nơi để cảm nhận sự thư giãn, theo thứ tự như sau:

1. Thư giãn từ đỉnh đầu xuống trán.
2. Thả lỏng da thịt trên mặt, trên má. Từ từ thả lỏng cả khuôn mặt, buông lỏng hàm dưới. Cảm nhận đầu, mặt đều an định.
3. Thả lỏng đôi mắt; để tròng mắt hoàn toàn an nghỉ, bất động. 
4. Chú ý tới chót lưỡi, từ đó thả lỏng từ chót lưỡi tới cuống lưỡi. Để lưỡi hạ xuống, thư giãn, bất động. 
5. Thư giãn bắp thịt trên cổ. Theo đó, thư giãn xuống hai vai, cảm nhận hai vai buông thả. 
6. Thư giãn bắp thịt trên 2 cánh tay, xuống tới bàn tay, ngón tay. Cảm nhận sự thư giãn. Để ngón tay nằm yên bất động. 
7. Chuyển sự chú ý tới bắp thịt sau lưng, từ từ thả lỏng từ trên xuống tới thắt lưng. 
8. Buông thả hết mọi căng thăng trên bắp đùi, bắp chuối. 
9. Rà toàn thân, từ trên đầu xuống tới ngón chân, để cảm nhận toàn thân hoàn toàn thư giãn, bất động. 
10. Thở thật nhẹ nhàng, càng chậm càng tốt.

Ngồi yên thư giãn, bất động như thế cho được 15 phút tới 20 phút.",,,,,,,,,,,,,,,,,,,,,,
1,1,0,0,0,1,01.00.00.00,    1 - TÁN PHẬT,A000,A,A,1,,,,,,,,1,,,,,,,,,,,,,,,Nhóm,,,,,,,,,,TÁN PHẬT,,,,,,,,,,,,,,,,,,,,,,,,
1.1,1,1,0,0,2,01.01.00.00,        1.1 - Xưng Tán Danh Hiệu Quán Thế Âm,A010,A,A,1,,,,,,A01,A01,2,A01,A01,A01,A01,,,,,,,,,,,KL,,,,,,,,,,Xưng Tán Danh Hiệu Quán Thế Âm,,"Chuông (3X)
Chấp Tay Lại, Lạy Xuống.",,"Nam Mô Thiên Thủ Thiên Nhãn, Đại Từ Đại Bi, Cứu Khổ Cứu Nạn, Quảng Đại Linh Cảm Quán Thế Âm Bồ Tát, Ma Ha Tát (3x)","Namo Kwan Shr Yin Bodhisattva, the Great Being of Kindness and Compassion, Healing and Forgiving(3x)",,,,,Homage to Kuan Shr Yin Bodhisattva,,"BELL (3X)
PALM TOGETHER, BOW DOWN",,,,,,,,,,,,
1.2,1,2,0,0,2,01.02.00.00,        1.2 - Xưng Tán Danh Hiệu Đức Phổ Hiền,A011,A,A,1,,,,,,A02,A02,3,A02,A02,A02,A02,,,,,,,,,,,KL,,,,,,,,,,Xưng Tán Danh Hiệu Đức Phổ Hiền,,Chuông,Nam Mô Pháp Giới Hạnh Hải Phổ Hiền Bồ Tát Ma Ha Tát (3x),,,,,,,,,,,,,,,,,,,,,
1.3,1,3,0,0,2,01.03.00.00,        1.3 - TAM QUY Y,A012,A,A,1,,,,,,A03,A03,4,A03,A03,A03,A03,,,,,,,,,,,KL,,,,,,,,,,TAM QUY Y,,,"*Quy Y Phật: <br>
Quy Mạng Thập Phương, Cực Tam Tế, <br>
Trần Sát Viên Minh, Điều Ngự Sư, <br>
Pháp Giới Công Đức, Đại Bi Vân, <br>
Tỳ Lô Giá Na Đại Trí Hải, <br>
 <br>
*Quy Y Pháp: <br>
Sở Trụ Thậm Thâm, Chân Pháp Tánh, <br>
Sở Lưu Viên Mãn, Tu Đa La, <br>
 <br>
*Quy Y Tăng: <br>
Nhất Nhất Trần Phương, Phật Hội Trung, <br>
Phổ Hiền, Văn Thù, Chư Đại Sĩ.",,,,,,,,,,,,,,,,,,,,,
1.4,1,4,0,0,2,01.04.00.00,        1.4 - Phổ Hiền Tam Muội,A013,A,A,1,,,,,,A04,A04,5,A04,A04,A04,A04,,,,,,,,,,,KL,,,,,,,,,,Phổ Hiền Tam Muội,,,"Ngã nguyện năng nhập:<br>
Nhất thiết chư Phật Tỳ Lô Giá Na,<br>
Như Lai Tạng Thân Tam muội!<br>
Phổ nhập nhất thiết Phật bình đẳng tánh;<br>
Năng ư Pháp Giới, thị chúng ảnh tượng<br>
Quảng đại vô ngại, đồng ư hư không; <br>
Pháp Giới hải triền, mỹ bất tùy nhập<br>
Xuất sinh nhất thiết, chư tam muội pháp; <br>
Phổ năng bao nạp, thập phương Pháp Giới<br>
Tam thế chư Phật, trí quang minh hải, giai tùng thử sinh.<br>
Thập phương sở hữu, chư an lập hải, tất năng thị hiện.<br>
Hàm tàng nhất thiết Phật lực, giải thoát, chư Bồ Tát trí;<br>
Năng linh nhất thiết, quốc độ, vi trần;<br>
Phổ năng dung thọ, vô biên Pháp Giới.<br>
Thành tựu nhất thiết, Phật công đức hải;<br>
Hiển thị Như Lai, chư đại nguyện hải;<br>
Nhất thiết chư Phật, sở hữu pháp luân;<br>
Lưu thông hộ trì, sử vô đoạn tuyệt.",,,,,,,,,,,,,,,,,,,,,
1.5,1,5,0,0,2,01.05.00.00,        1.5 - Hải Ấn Tam Muội,A014,A,A,1,,,,,,,,,,,,,,,,,,,,,,,KL,,,,,,,,,,Hải Ấn Tam Muội,,,"Hoặc hữu sát độ vô hữu Phật, <br>
Ư bỉ thị hiện thành Chánh Giác. <br>
Hoặc hữu quốc độ bất tri Pháp, <br>
Ư bỉ vì thuyết diệu pháp tạng. <br>
Vô hữu phân biệt, vô công dụng  <br>
Ư nhất niệm khoảnh biến thập phương, <br>
Như nguyệt quang ảnh mĩ bất châu <br>
Vô lượng phương tiện hóa quần sanh. <br>
Ư bỉ thập phương thế giới trung,  <br>
Niệm niệm thị hiện thành Phật đạo. <br>
Chuyển chánh Pháp luân nhập tịch diệt, <br>
Nãi chí xá lợi quảng phân bố. <br>
Hoặc hiện Thanh văn Độc giác đạo, <br>
Hoặc hiện thành Phật phổ trang nghiêm, <br>
Như thị khai xiển tam thừa giáo, <br>
Quảng độ chúng sanh vô lượng kiếp. <br>
Hoặc hiện đồng nam đồng nữ hình,  <br>
Thiên Long cập dĩ A-tu-la, <br>
Nãi chí Ma hầu la già đẳng, <br>
Tùy kỳ sở lạc tất linh kiến. <br>
Chúng sanh hình tướng các bất đồng, <br>
Hành nghiệp âm thanh diệc vô lượng. <br>
Như thị nhất thiết giai năng hiện <br>
Hải ấn tam muội oai thần lực. ",,,,,,,,,,,,,,,,,,,,,
2,2,0,0,0,1,02.00.00.00,    2 - KIẾT GIỚI,,,,,,,,,,,,6,,,,,,,,,,,,,,,KG,BA - ḌA,Nhật Quang - Nguyệt Quang,,,,𑖤-𑖚,,Sunlight - Moonlight,,KIẾT GIỚI,,,,"Nam Mô Bô Tô Chu Nô Mi, <br>
Nam Mô Đa Mô Mô Hơ Đi, <br>
Nam Mô Shăng Chê Đô Dê Ni, <br>
Đi Li Bu Bi San Đô Dê Nam Mô.","Shen Đi Đi... Tu Shu Cha<br>
Ơ Rơ Mi Đi... Wu Đu Cha<br>
Shen Chi Cha... Bô La Đi<br>
Dê Mi Rơ Cha... Wu Đu Cha<br>
Chư Lô Đi Cha... Chi Mô Cha<br>
Sô Pô Hô",,,,,Create the Protective Bubble Ego,,,"𑖤<br><br>
Nam Mo Bo To Ju No Mi, <br>
Nam Mo Da Mo Mo Ho Di, <br>
Nam Mo Seng Chye Do Ye Ni, <br>
Di Li Bu Bi Sa Do Yen Na Mo.","𑖚<br><br>
Shen Di Di---Tu Shu Ja, <br>
E Re Mi Di---Wu Du Ja, <br>
Shen Chi Ja---Bo La Di, <br>
Ye Mi Re Ja---Wu Du Ja, <br>
Jyu Lo Di Ja---Chi Mo Ja, <br>
So Po Ho",,,,https://drive.google.com/file/d/1HhKGBq4Y0qDAe5JtVZQj-ieDro4XGKmx/view?usp=drive_link,https://drive.google.com/uc?export=download&id=1HhKGBq4Y0qDAe5JtVZQj-ieDro4XGKmx,https://drive.google.com/file/d/1utpVoXHKa6jliscMgvNXNYzmFSOoTWyW/view?usp=drive_link,https://drive.google.com/uc?export=download&id=1utpVoXHKa6jliscMgvNXNYzmFSOoTWyW,,,
2.1,2,1,0,0,2,02.01.00.00,        2.1 - Kiết Giới Trước Sau,A015,K,A,1,,,,,,A05,A05,7,A05,,A05,,,,,,,,,,,D1,KG,,,,,,,,,,Kiết Giới Trước Sau,Thanh Tịnh Nghiệp Chướng,"Kiết Giới từ phía trước ra phía sau, để thanh tịnh tất cả nghiệp chướng, từ tương lai về lại quá khứ",,"Nam Mô Bô Tô Chu Nô Mi, <br>
Nam Mô Đa Mô Mô Hơ Đi, <br>
Nam Mô Shăng Chê Đô Dê Ni, <br>
Đi Li Bu Bi San Đô Dê Nam Mô.","Shen Đi Đi... Tu Shu Cha<br>
Ơ Rơ Mi Đi... Wu Đu Cha<br>
Shen Chi Cha... Bô La Đi<br>
Dê Mi Rơ Cha... Wu Đu Cha<br>
Chư Lô Đi Cha... Chi Mô Cha<br>
Sô Pô Hô",,,,,Front & Back,,"1. Front, Back
",,,,,,,,,,,,
2.2,2,2,0,0,2,02.02.00.00,        2.2 - Kiết Giới Trên Dưới,A016,K,A,2,,,,,,A06,A06,8,A06,,A06,,,,,,,,,,,D2,KG,,,,,,,,,,Kiết Giới Trên Dưới,Thanh Tịnh Các Tầng Tâm Thức,"Kiết Giới từ phía trên xuống phía dưới, để thanh tịnh tất cả các tầng tâm thức, từ siêu trí thức xuống đến tiềm thức.",,"Nam Mô Bô Tô Chu Nô Mi, <br>
Nam Mô Đa Mô Mô Hơ Đi, <br>
Nam Mô Shăng Chê Đô Dê Ni, <br>
Đi Li Bu Bi San Đô Dê Nam Mô.","Shen Đi Đi... Tu Shu Cha<br>
Ơ Rơ Mi Đi... Wu Đu Cha<br>
Shen Chi Cha... Bô La Đi<br>
Dê Mi Rơ Cha... Wu Đu Cha<br>
Chư Lô Đi Cha... Chi Mô Cha<br>
Sô Pô Hô","Kết Nối 4 Điểm trên và <br>
Quán Tưởng Bong Bóng Bản Ngã",,,,Above & Below,,"2. Above, Below",,,Tie Up the Boundary and Create The Bubble Ego,,,,,,,,,
2.3,2,3,0,0,2,02.03.00.00,        2.3 - Kiết Giới Ngoài Trong,A017,K,A,3,,,,,,A07,A07,9,A07,,A07,,,,,,,,,,,D3,KG,,,,,,,,,,Kiết Giới Ngoài Trong,Thanh Tịnh Chấp Trước vào Nhị Nguyên,"Kiết Giới từ phía ngoài vô bên trong, để thanh tịnh chấp trước vào nhị nguyên, từ bất nhị ra khỏi nhị nguyên.",,"Nam Mô Bô Tô Chu Nô Mi, <br>
Nam Mô Đa Mô Mô Hơ Đi, <br>
Nam Mô Shăng Chê Đô Dê Ni, <br>
Đi Li Bu Bi San Đô Dê Nam Mô.","Shen Đi Đi... Tu Shu Cha<br>
Ơ Rơ Mi Đi... Wu Đu Cha<br>
Shen Chi Cha... Bô La Đi<br>
Dê Mi Rơ Cha... Wu Đu Cha<br>
Chư Lô Đi Cha... Chi Mô Cha<br>
Sô Pô Hô",,,Tôi đã nhận tri ra cái bong bóng bản ngã.,,Outside & Inside,,"3. Outside, Inside",,,,,I recognized the sphere of my ego bubble.,,,,,,,
3,3,0,0,0,1,03.00.00.00,    3 - KHAI MỞ LÒNG ĐẠI TỪ ĐẠI BI,,,,,,,,,,,,10,,,,,,,,,,,,,,,VA,,,,,,,,,,KHAI MỞ LÒNG ĐẠI TỪ ĐẠI BI,,,,,,,,,,,,,,,,,,,,,,,,
3.1,3,1,0,0,2,03.01.00.00,        3.1 - Quán CTT VA ở Tâm Luân và Tụng Chú Đại Bi,A018,A,A,1,,,,,,A08,A08,11,A08,A08,A08,A08,,,,,,,,,,,VA,va,Chú Đại Bi,Phổ Sinh An Trụ,"nghĩa là khiến (tâm vị tha, tâm vô ngā, tâm bất nhị) an trụ khắp mọi nơi.",𑖪 - siddham letter va (u+115AA) copy and paste - Unicode® symbol,𑖪,,Great Compassion Mantra,,Quán CTT VA ở Tâm Luân và Tụng Chú Đại Bi,"VA là vĩnh hằng bất biến, thường trụ bất biến, luôn luôn tồn tại.  Tụng Chú Đại Bi để khởi động năng lượng Đại Bi.","1.  CHẤP TAY TRƯỚC NGỰC <br>
Hình dung chủng tử VA - 𑖪𑖯 ở tâm luân.  Trì chú Đại Bi, là khởi động, từ chủng tử tự VA - 𑖪𑖯, lòng đại từ đại bi, lan tỏa những làn sóng Đại từ Đại bi từ nơi VA.","Na Mo He La Da No Do La Ye Ye.  <br>
Na Mo E Li Ye.  <br>
Pwo Lu Jye Di Shau Bo La Ye.  <br>
Pu Ti Sa Two Pe Ye.  <br>
Mo He Sa Two Pe Ye.  <br>
Mo He Jya Lu Ni Jya Ye.  <br>
Om, <br>
Sa Pan La Fa Ye.  <br>
Swo Da No Da Sye.  <br>
Na Mo Syi Ji Li Two Yi Meng E Li Ye.  <br>
Pe Lu Ji Di Shr Fwo La Leng Two Pe.  <br>
Na Mo No La Jin Chr.  <br>
Syi Li Mo He Pan Two Sa Mye.  <br>
Sa Pe E Two Dou Shu Peng.  <br>
E Shr Yun, <br>
Sa Pe Sa Do Na Mo Pe Sa Do.  <br>
Na Mo Pe Chye.  <br>
Mo Fa De Tou.  <br>
Da Dr Two.  <br>
Om, <br>
E Pe Lu Syi.  <br>
Lu Jya Di.  <br>
Jya La Di.  <br>
Yi Syi Li.  <br>
Mo He Pu Ti Sa Two.  <br>
Sa Pe Sa Pe.  <br>
Mo La Mo La.  <br>
Mo Syi Mo Syi Li Two Yun.  <br>
Jyu Lu Jyu Lu Jye Ming.  <br>
Du Lu Du Lu Fa She Ye Di.  <br>
Mo He Fa She Ye Di.  <br>
Two La Two La.  <br>
Di Li Ni.  <br>
Shr Fwo La Ye.  <br>
Je La Je La.  <br>
Mo Mo Fa Mo La.  <br>
Mu Di Li.  <br>
Yi Syi Yi Syi.  <br>
Shr No Shr No.  <br>
E La Shen Fwo La She Li.  <br>
Fa Sha Fa Shen.  <br>
Fwo La She Ye.  <br>
Hu Lu Hu Lu Mo La.  <br>
Hu Lu Hu Lu Syi Li.  <br>
Swo La Swo La.  <br>
Syi Li Syi Li.  <br>
Su Lu Su Lu.  <br>
Pu Ti Ye Pu Ti Ye.  <br>
Pu Two Ye Pu Two Ye.  <br>
Mi Di Li Ye.  <br>
Nwo La Jin Shr.  <br>
Di Li Shai Ni No.  <br>
Pe Ye Mo No.  <br>
Swo Pe He.  <br>
Syi Two Ye.  <br>
Swo Pe He.  <br>
Mo He Syi Two Ye.  <br>
Swo Pe He.  <br>
Syi Two Yu Yi.  <br>
Shr Pan La Ye.  <br>
Swo Pe He.  <br>
No La Jin Chr.  <br>
Swo Pe He.  <br>
Mo La No La.  <br>
Swo Pe He.  <br>
Syi Lu Seng E Mu Chywe Ye.  <br>
Swo Pe He.  <br>
Swo Pe Mo He E Syi Two Ye.  <br>
Swo Pe He.  <br>
Je Ji La E Syi Two Ye.  <br>
Swo Pe He.  <br>
Bo Two Mo Jye Syi Two Ye.  <br>
Swo Pe He.  <br>
Nwo La Jin Chr Pan Chye La Ye.  <br>
Swo Pe He.  <br>
Mo Pe Li Sheng Jye La Ye.  <br>
Swo Pe He.  <br>
Na Mo He La Da No Do La Ye Ye.  <br>
Na Mo E Li Ye.  <br>
Pwo Lu Ji Di.  <br>
Shau Pan La Ye.  <br>
Swo Pe He.  <br>
Om.  <br>
Syi Dyan Do.  <br>
Man Do La.  <br>
Ba Two Ye.  <br>
Swo Pe He.  <br>















































































",,,"1. VA là vĩnh hằng bất biến, thường trụ bất biến, luôn tồn tại cho nên, nếu mình chỉ quán thấy chủng tử mờ mờ thì cũng không sao. Quán VA là để khởi động lòng Đại Từ Đại Bi đã có sẵn rồi. <br>
2. Vì lúc nào VA cũng có sẵn, nên tu chủng tử VA là tu tập sự lan toả.",,Tôi là lòng đại từ đại bi hay Tôi là lòng đại bi,"• VA đầu tiên (ở giữa) là chủng tử bất sinh bất diệt: Không tu, không chứng, lúc nào cũng có sẵn trong tâm.<br>
• VÀ: Thực hành, khai triển năng lượng tình thương được khởi động trong lúc ngồi thiền (Xuất Tục).<br>
• VU: Phát nguyện đi giúp tất cả chúng sinh (Nhập Thế).<br>
• VAM: Sau khi Nhập Thế, chứng ngộ Chân Không, hợp nhất lòng từ bi với trí huệ (Ly Thế Gian).<br>
• VAH: đem Chân Không vào lòng chúng sinh (Nhập Pháp Giới).<br>",Great Compassion Mantra,,"Visualize the syllable VA  from the heart center.<br>
From VA emanates, emanates compassion. Open your hands, cultivate all the kindness, compassion forgiveness, empathy and generosity, and yet understand the darknes and the light, they are just one root. They're all life substance, inseparable, make vow to cultivate for all living beings, to cultivate all paramitas then gain the strength to save all living beings and bring them to the state of compassion. Open up their heart of bodhi, constantly teaching, transform all living beings so that their bodhi minds become matured and they see the dharmadhatu and the world as one. So above as below. All living beings open their compassions and I become the great compassion itself.",,,,,,https://drive.google.com/file/d/1t43hXKb79CmWkx7f4JiIRTxBpAXmtt54/view?usp=drive_link,https://drive.google.com/uc?export=download&id=1t43hXKb79CmWkx7f4JiIRTxBpAXmtt54,https://drive.google.com/file/d/1BNCs6RkxCboEFAY_yeO9RkbVu26GHx9t/view?usp=drive_link,https://drive.google.com/uc?export=download&id=1BNCs6RkxCboEFAY_yeO9RkbVu26GHx9t,,,
3.2,3,2,0,0,2,03.02.00.00,        3.2 - Quán CTT VA,A019,V,A,2,,,,,,A09,A09,12,A09,A09,A09,A09,,,,,,,,,,,VA,vā,VA Viên Mãn,,,,𑖪𑖯,,,,Quán CTT VA,"XUẤT TỤC và VAa: Khai triển năng lượng tình thương <br>
Thực hành tất cả hạnh Đại Từ Đại Bi (Công Hạnh)
","2.  MỞ TAY RA <br>
Hít vào chủng tử VA, thở ra, lan toả năng lượng thành vòng tròn đồng tâm, giống như làn sóng, rồi gởi tới con tim của cha mẹ mình, rồi đến tim của những người thân khác. Phần này là sự thực hành của lòng đại bi, sự khai triển năng lượng tình thương.",,,,,,,"VA khai mở, xúc chạm, và xuất hiện trong mỗi tâm thức của mỗi người, mỗi chủng sinh mà mình làm cho cái làn sóng này nó tới.  Và VA của mình trở thành VAa (VA dài)",,,,,,,,,https://drive.google.com/file/d/13bad5dT7wt26syitvlTiSOgzgZLsYcX-/view?usp=drive_link,https://drive.google.com/uc?export=download&id=13bad5dT7wt26syitvlTiSOgzgZLsYcX-,,,,,
3.3,3,3,0,0,2,03.03.00.00,"        3.3 - Quán CTT VAM bên phải
",A020,V,A,2,,,,,,A10,A10,13,A10,A10,A10,A10,,,,,,,,,,,VA,vam (VAM),VA Viên Mãn,,,,𑖪𑖼,,,,"Quán CTT VAM bên phải
","LY THẾ GIAN và VAM: Khai triển Tánh Không của lòng đại bi.<br>
Chứng ngộ bản tánh chân không của tất cả hạnh nguyện Đại Bi (Tánh Không)
","3.  MỞ TAY CHỬ V <br>
Mình nhận ra mình chỉ là một điểm nhỏ trong cái màng lưới đó. Rồi 2 Bàn Tay Chuyển Qua Hình Chử V.  Và chữ VA bị thành chữ VAM. Và thấy tất cả chủng sinh đó, cái tâm của họ đó, cái chủng tự VA cũng lan tỏa. Và cái làn sóng tình thương của mọi người đó bây giờ lan tỏa, giao thoa với cái làn sóng tình thương của mình.",,,,"Quên đi thân thể, chỉ còn là năng lượng vô biên và trở thành Tánh Không, có nghĩa là:• thứ nhất, không còn trong nhị nguyên nữa: không còn những bóng tối của tham, sân, si; và • thứ nhì, trở thành tánh Không tuyệt đối (sunyata), lòng đại bi bây giờ trở thành tánh Không.",,,"Và tất cả những cái người mà mình thấy trong màng lưới đó, bây giờ mình chỉ thấy họ là cái chủng tử tự VAM. Tất cả thân xác, tất cả điều diễn mặc chỉ còn là một cái, cái màng lưới giao thoa của cái năng lượng chủng tử tự VAM.",,,,,,,,,https://drive.google.com/file/d/1JQz9XnUKuOWPRZexA8WMoc8oDtxylnmK/view?usp=drive_link,https://drive.google.com/uc?export=download&id=1JQz9XnUKuOWPRZexA8WMoc8oDtxylnmK,,,,,
3.4,3,4,0,0,2,03.04.00.00,        3.4 - Quán CTT VU sau lưng,A021,V,A,2,,,,,,A11,A11,14,A11,A11,A11,A11,,,,,,,,,,,VA,vu (VU),VA Viên Mãn,,,,𑖪𑖲,,,,Quán CTT VU sau lưng,"NHẬP THẾ và VU: Khai triển đại nguyện, quảng bá, chuyễn hóa.<br>
Thệ nguyện vô số, vô biên độ tất cả chúng sinh.  Phát nguyện tu trì hạnh đại từ đại bi đến vô cùng vô tận vô biên kiếp. (Nguyện Lực)
","4.  MỞ TAY RA HOÀN TOÀN <br> 
Và mình thấy đây là cái màng lưới nhân duyên của chúng ta, nhưng mà vẫn còn vô số vô biên những chủng sinh khác. Và trong cái màng lưới này là chúng ta mở tâm ra. Giang Mở 2 Tay.  Và khi mở tâm ra đó, thì mình phát nguyện là tiếp tục lan tỏa cái làn sóng tình thương này tới cho những người, những chủng sinh mà không có trong cái màng lưới.",,,,"Lan toả năng lượng vào con tim của nhiểu người khác. Đại nguyện là sức mạnh. Không phải một hai ba người nữa mà lan tỏa đến rất nhiều người, quảng bá rộng rãi và cuối cùng là chuyển hoá chính mình và người. Làn sóng phía dưới chủng tử VU nói rằng mình sẽ không ngừng giúp người. Mình trở thành như mặt đất, lúc nào cũng giúp mọi người như đất nuôi cây lớn lên. Phần tu tập đại nguyện này là con đường nhập thế: ai cần tình thương thì mình sẽ lan trải tình thương tới; ai tim đang đóng thì mình sẽ lan trải năng lượng khai mở tới; ai đang buồn thì mình sẽ làm cho họ hết buồn, ai đang đau khổ thì năng lượngtình thương này sẽ xoa dịu họ.",,,"Và mình hình dung là sự giao thoa làn sóng chữ VA này đó, nó trở nên vô cùng vô tận và lan tỏa tiếp. Và cái chủng tử tự VA này ở phía dưới đó, mình vẽ thêm cái ngoặc đó, cái ngoặc ở phía dưới. Và mình phát cái nguyện rằng là xin toàn thể cái màng lưới tiếp tục lan tỏa cái lòng đại từ đại bi tới tất cả chủng sinh.",,,,,,,,,https://drive.google.com/file/d/1Jmx_JxAC8dB7i6H8iux2okjnNBc5q94O/view?usp=drive_link,https://drive.google.com/uc?export=download&id=1Jmx_JxAC8dB7i6H8iux2okjnNBc5q94O,,,,,
3.5,3,5,0,0,2,03.05.00.00,        3.5 - Quán CTT VAH trước mặt,A022,V,A,2,,,,,,A12,A12,15,A12,A12,A12,A12,,,,,,,,,,,VA,vah (VAH),VA Viên Mãn,,,,𑖪𑖾,,,,Quán CTT VAH trước mặt,"NHẬP PHÁP GIỚI và VAH: Khai triển Vô Trụ Niết Bàn.<br>
Đem cảnh giới chứng ngộ cao nhất của Niết Bàn vào trong hiện tại.  Thay vì là mình lên Niết Bàn, thì mình đem Niết Bàn đến tất cả chúng sinh. (Thành Tựu Niết Bàn)
","5.  HẠ HAI TAY PHÍA TRƯỚC. <br>
Xong rồi đó, mình để hai cái tay xấp xếch lại với nhau, tụ 2 bàn tay úp xuống ở tâm luân, bàn tay phải ở trên. Rồi bây giờ mình thêm hai cái chấm hai bên. Để nói là hai cái chấm hai bên, hai cái tay này nói rằng là mình sẽ thực hành cái nguyện đó. Và xin cả cái màng lưới này cùng thực hành. Chứ không phải là một mình tôi. Mà cái màng lưới này chúng ta sẽ thực hành cái hành đại bi để mà lan tỏa cái tình thương tới khắp vũ trụ, khắp tất cả chủng sinh. ",,,,"Đến phương thức cuối cùng thì mình ở trong tâm thức của tất cả chúng sinh. Đó là quan niệm Vô Trụ Niết Bàn của Hoa Nghiêm. Tâm chúng sinh là Huyễn. Mình ở trong cái huyễn, nhưng không hình, không tướng, cho nên mình là Thật. Khi mình ở trong tâm chúng sinh, thì không thắt gút với ai cả và không ai thắt gút với mình cả: trở thành tự tại vô ngại.",,,,,,,,,,,,https://drive.google.com/file/d/1HpNEgr7C2dn2Rec7vjS-ZqmvigmST_ZQ/view?usp=drive_link,https://drive.google.com/uc?export=download&id=1HpNEgr7C2dn2Rec7vjS-ZqmvigmST_ZQ,,,,,
3.6,3,6,0,0,2,03.06.00.00,        3.6 - Kết Ấn VA Viên Mãn,A023,V,A,2,,,,,,A13,A13,16,A13,A13,A13,A13,,,,,,,,,,,VA,VA Viên Mãn,VA Viên Mãn,,,,𑖪𑖲𑖯𑖼𑖾,,,,Kết Ấn VA Viên Mãn,Kết Ấn VA Viên Mãn,"6.  KẾT ẤN <br> 
Và mình ngữa bàn tay phải lên, kết ấn VA Viên Mãn, nối kết hai ngón tay, út và cái, lại với nhau. ",,,,,,,,,,,,,,,,https://drive.google.com/file/d/1uphY6AAl8lRTuBwKIEF2kLuodGsQ96O5/view?usp=drive_link,https://drive.google.com/uc?export=download&id=1uphY6AAl8lRTuBwKIEF2kLuodGsQ96O5,,,,,
3.7,3,7,0,0,2,03.07.00.00,        3.7 - Kết Ấn VA Viên Mãn,A024,V,A,2,,,,,,A14,A14,17,A14,A14,A14,A14,,,,,,,,,,,VA,VA Viên Mãn,VA Viên Mãn,,,,𑖪𑖲𑖯𑖼𑖾,,,,Kết Ấn VA Viên Mãn,"Kết nối với tất cả. <br>
Pháp Giới phía trên. Thế Giới phía dưới.","7.  KẾT NỐI <br> 
Mình để hạ tay xuống chút xíu trước ngực để nói rằng là cả màng lưới này nè, liên kết với Phật ở trên, Bồ Tát ở trên, chủng sinh từ địa ngục, súc sinh cho tới A Tu La, Thiên Nhân vân vân. Mình nối kết hết với tất cả chủng sinh. Hai cái ngón tay mình gộp lại với nhau là nối kết hết với tất cả chủng sinh. Và thấy bên trên như thế nào thì bên dưới như thế đó. Tất cả quang minh trên của chư Phật sẽ tiếp nối về quang minh dưới của chủng sinh. Và bây giờ mình thấy toàn diện cái chủng tử tự VA viên mãn. ",,"Om, Cittaprati, Vedham Karumi (10x)","Om, Cittaprati, Vedham Karumi (10x)",,,"Tôi tức là lòng đại từ đại bi vô lượng vô biên.  Với lòng đại từ đại bi vô lượng vô biên, thì tôi tức là hóa thân của Đức Quan Thế Âm. ","Pháp giới phía trên, thế giới phía dưới, cả hai đều bất nhi, đều là một.",,,,,,,,,https://drive.google.com/file/d/1uphY6AAl8lRTuBwKIEF2kLuodGsQ96O5/view?usp=drive_link,https://drive.google.com/uc?export=download&id=1uphY6AAl8lRTuBwKIEF2kLuodGsQ96O5,,,,,
3.8,3,8,0,0,2,03.08.00.00,        3.8 - Pháp Giới Thế Giới là một,A025,V,A,2,,,,,,A15,A15,18,A15,A15,A15,A15,,,,,,,,,,,VA,VA Viên Mãn,VA Viên Mãn,,, ,𑖪𑖲𑖯𑖼𑖾,,,,Pháp Giới Thế Giới là một,"Thế Giới phía trên, Pháp Giới phía dưới. Tất cả đều bất nhị.","8. BẤT NHỊ <br> 
Đưa tay lên đầu, lật ngược lại.  Bây giờ, thế giới phía trên, pháp giới phía dưới.  Tất cả đều bất nhị.",,,,,,,,,,,,,,,,https://drive.google.com/file/d/1uphY6AAl8lRTuBwKIEF2kLuodGsQ96O5/view?usp=drive_link,https://drive.google.com/uc?export=download&id=1uphY6AAl8lRTuBwKIEF2kLuodGsQ96O5,,,,,
3.9,3,9,0,0,2,03.09.00.00,        3.9 - Xã Ấn VA Viên Mãn,A026,V,A,2,,,,,,A16,A16,19,A16,A16,A16,A16,,,,,,,,,,,VA,VA Viên Mãn,VA Viên Mãn,,, ,𑖪𑖲𑖯𑖼𑖾,,,,Xã Ấn VA Viên Mãn,Xã Ấn VA Viên Mãn,"9.  XÃ ẤN <br> 
Mở 2 tay ra, mỡ ra vô lượng vô biên quang minh. Với nguồn ánh sánh vô tận đó, ta đem vào lòng bàn tay của mình bằng cách chấp 2 tay trước ngực. ",,,,,,"Xin đôi bàn tay này sẽ trở thành đôi bàn tay của lành trị, của chuyển hóa, và không ngừng khai mở thiện tánh trong tất cả chúng sinh.",,,,,,,,,,https://drive.google.com/file/d/1uphY6AAl8lRTuBwKIEF2kLuodGsQ96O5/view?usp=drive_link,https://drive.google.com/uc?export=download&id=1uphY6AAl8lRTuBwKIEF2kLuodGsQ96O5,,,,,
4.1,4,1,0,0,2,04.01.00.00,        4.1 - Kết Ấn Phổ HIền STVAM ,A027,A,A,1,,,,,,,,20,,A17,A17,A17,,,,,,,,,,,APH,STVAṂ,STVAṂ,,,,𑖭𑖿𑖝𑖿𑖪𑖽,,,,Kết Ấn Phổ HIền STVAM ,,,"Phổ Hiền Thân Tướng Như Hư Không <br>
Y Chân Nhi Trụ Phi Quốc Độ <br>
Tùy Chư Chúng Sinh Tâm Sở Dục <br>
Thị Hiện Phổ Thân Đẳng Nhất Thiết.
","Om, Sa Ma Ya Stvam (10x)","Om, Sa Ma Ya Stvam (10x)",Kéo Ấn Xuống:,,"Xin thân, ngữ, ý này trở thành thân, ngữ, ý của Đức Phổ Hiền và xin tâm thức của Phổ Hiền hiển hiện trong tâm thức con.  Và xin cho con trở thành Phổ thân.",,,,,,,,,,https://drive.google.com/file/d/1c932tOL7oVA4BpfNPbxtDag85GMM0UyA/view?usp=drive_link,https://drive.google.com/uc?export=download&id=1c932tOL7oVA4BpfNPbxtDag85GMM0UyA,,,,,
5.1,5,1,0,0,2,05.01.00.00,        5.1 - Ấn Cúng Dường Hư Không Tạng,A028,A,A,1,,,,,,,,,,,,,,,,,,,,,,,Ấn,,,,,,,,,,Ấn Cúng Dường Hư Không Tạng,"Ấn cúng dường Hư Không Tạng dùng để cúng dường hương, hoa, đèn cho Chư Phật, Chư Bồ Tát, Thánh Hiền cõi trên.","Đây là cúng dường hương, hoa, đèn, mỗi sáng trước khi tu.  Tay bắt Ấn, miệng trì Chú, và quán tưởng Thân, Khẩu, Ý, tam nghiệp tương ứng.","Om, Tam Bà Phạ - Phạ Nhựt Ra Hum",,,,,,,,,,,,,,,,,,,,,
6.1,6,1,0,0,2,06.01.00.00,        6.1 - Ấn Phổ Cúng Dường,A029,A,A,1,,,,,,,,,,,,,,,,,,,,,,,Ấn,,,,,,,,,,Ấn Phổ Cúng Dường,,,"Om, Nga Nga Nẵng Tam Bà Phiệt Nhật Ra Hộc",,,,,,,,,,,,,,,,,,,,,
10.1,10,1,0,0,2,10.01.00.00,        10.1 - Trì Tụng 29 Câu Chú Lăng Nghiêm,A033,A,A,1,,,,,,,,,,E43,,E43,,,,,,,,,,,Chú,,,,,,,,,,Trì Tụng 29 Câu Chú Lăng Nghiêm,,,,"Na mwo sa dan two <br>
Su chye dwo ye <br>
E la he di <br>
San myau san pu two sye <br>
Na mwo sa dan two <br>
Fwo two jyu jr shai ni shan <br>
Na mwo sa pe <br>
Bwo two bwo di <br>
Sa dwo pi bi <br>
Na mwo sa dwo nan <br>
San myau san pu two <br>
Jyu jr nan <br>
Swo she la pe jya <br>
Seng chye nan <br>
Na mwo lu ji e lwo han dwo nan. <br>
Na mwo su lu dwo bwo nwo nan <br>
Na mwo swo jye li two chye mi nan <br>
Na mwo lu ji san myau chye dwo nan <br>
San myau chye be la <br>
Di bwo dwo mwo nan <br>
Na mwo ti pe li shai nan <br>
Na mwo syi two ye <br>
Pi di ye <br>
Two la li shai nan <br>
She pwo nu <br>
Jye la he <br>
Swo he swo la mwo two nan <br>
Na mwo ba la he mwo ni <br>
Na mwo yin two la ye","Nam Mô Sa Đan Tô. <br>
Su Chê Đô Dê<br> 
A La Hơ Đi. <br>
San Meo San Pu Tô Sê<br>
Nam Mô San Đan Tô,<br>
Fô Tô Chu Chư, Shai Ni Shan.<br>
Nam Mô Sa Pơ<br>
Bô Tô Bô Đi. <br>
Sa Đô Pi Bi.<br>
Nam Mô Sa Đô Nan<br>
San Meo San Pu Tô.<br>
Chu Chư Nan<br>
Sô Shơ La Pơ Cha.<br>
Seng Chê Nan<br>
Nam Mô Lu Chi, Ổ Lô Han Đô Nan<br>
Nam Mô Su Lu, Đô Bô Nô Nan<br>
Nam Mô Sô Chê, Li Tô Chê, Mi Nan<br>
Nam Mô Lu Chi, San Meo Chê Đô Nan<br>
San Meo Chê Bơ La. <br>
Đi Bô Đô Nô Nan<br>
Nam Mô Ti Pơ Li, Shai Nan.<br>
Nam Mô Si Tô Dê,<br>
Pi Li Dê<br>
Tô La Li Shai Nan.<br>
Shơ Pô Nu<br>
Chê La Hơ.<br>
Sô Hơ Sô La, Mô Tô Nan<br>
Nam Mô Ba La Hơ, Mô Ni.<br>
Nam Mô Yin Tô La Dê",,,,,,,,,,,,,,,,,,,
10.2,10,2,0,0,2,10.02.00.00,        10.2 - Trì Tâm Chú Lăng Nghiêm,A035,A,A,1,,,,,,,,,,,,,,,,,,,,,,,Chú,,,,,,,,,,Trì Tâm Chú Lăng Nghiêm,,,,"Ôm Anali <br>
Pi Sati <br>
Pila Bat Shala Tôli <br>
Pantô Pantô Ni <br>
Pat Shala Pani Pan <br>
Hu Shin Đulu Jun Pan <br>
Sô Pô Hô","Om, E Na Li <br>
Pi She Ti <br>
Pi La, Ba She La, Two Li <br>
Pán Two Pán Two Ni <br>
Ba She La Báng Ni Pán <br>
Hu Syin Du Lu Yung Pán <br>
Swo Pe He",,,,,,,,,,,,,,,,,,,
11,11,0,0,0,1,11.00.00.00,    11 - Cầu Nguyện Buổi Sáng,A036,A,A,1,,,,,,,,,,,,,,,,,,,,,,,HH,,,,,,,,,,Cầu Nguyện Buổi Sáng,,"Mỗi buổi sáng vừa thức dậy, ta nên cầu nguyện vài phút. Trước hết quỳ gối, hai tay úp vào tâm luân, nhắm mắt, hướng về tượng Đức Quán Thế Âm (nếu không có tượng thì hướng về phương Đông, phương mặt trời mọc), nghĩ rằng ta đang tiếp thu vào tâm mình hào quang từ bi của Đức Quán Thế Âm. Xong, chắp tay, đọc thầm:","Xin đấng Đại Từ Đại Bi luôn luôn chiếu tỏa hào quang, nối liền tâm Ngài với tâm con. <br>
Xin hào quang Đại Trí khai mở nguồn sáng vô tận, hướng dẫn trí óc con làm việc vị tha, lợi người, lợi vật. <br>
Xin hào quang Đại Từ xúc chạm tim con, khiến con đủ sức nâng đỡ kẻ sa cơ, dìu dắt người buồn khổ, ban vui kẻ khép lòng, khai mở người tuyệt vọng. <br>
Xin hào quang Đại Bi xuyên thấu lòng con, khiến tình thương mạnh hơn sân, giận, lẫy, thù; khiến lòng tha thứ lành trị mọi đớn đau, thổn thức. <br>
Xin hào quang Phương Tiện chuyển hóa đôi tay này, để con làm đường cho người tầm đạo, thắp đèn sáng soi chân lý, xây cầu vượt thoát thị phi, tưới nước lành trị khổ đau. <br>
Xin hạnh nguyện quang minh này tiếp tục lớn mãi, để tình thương và lòng tha thứ truyền lan tới mọi con tim, khiến ai cũng tìm được niềm vui và đạo pháp trong tâm.",,,,,,,,,,,,,,,,,,,,,
11,11,0,0,0,1,11.00.00.00,    11 - Cầu Nguyện Buổi Tối,A037,A,A,1,,,,,,,,,,,,,,,,,,,,,,,HH,,,,,,,,,,Cầu Nguyện Buổi Tối,,"Mỗi buổi tối, ta cũng nên cầu nguyện trước khi ngủ. Nên quỳ gối, hai tay úp vào giữa ngực, nhắm mắt, hướng về Đức Phật A Di Đà hoặc hướng về phương Tây, nghĩ rằng Đức Phật đang phóng quang xúc chạm tâm ta.
Xong, chắp tay, đọc thầm như sau: ","Xin Đấng Từ Phụ luôn luôn chiếu tỏa hào quang nối liền tâm Ngài với tâm con. Trong đêm dài ngu tối, xin hào quang Ngài đánh thức con khỏi cơn mộng mị tràn đầy điểm mù, ích kỷ. Xin cho con sức mạnh để đối diện với mọi bóng tối của quá khứ, của những động cơ sai lầm, của những quả báo khổ đau và của vô vàn thói hư tật xấu khép kín quang minh. <br>
Khi bóng tối đang trùm phủ vạn vật, xin Ngài hãy chiếu tỏa vô lượng quang minh tới tâm con, để con trở thành ánh sáng tình thương và tha thứ, lan tỏa sự ấm áp tới mọi con tim. Xin Ngài hãy mãnh liệt thị hiện tịnh độ trong lòng con để con trở thành tịnh độ cho tất cả chúng sinh hữu duyên. Xin Ngài hãy khai mở vô lượng đại nguyện, vô số hạt giống vô lậu trong tạng thức để tâm con hết sợ hãi, vĩnh viễn dâng hiến thân mạng này cho sự hiển hiện của Pháp Giới và sự thành tựu của hạnh nguyện Phổ Hiền. <br>
Con xin dâng lên lòng thành kính và biết ơn đến Ngài, Đấng Từ Phụ, người mà con nương tựa, hòa hợp như nhất.",,,,,,,,,,,,,,,,,,,,,
33,33,0,0,0,1,33.00.00.00,    33 - Hồi Hướng - Cầu An Cầu Siêu,A038,A,A,1,,,,,,,,,,,,,,,,,,,,,,,HH,,,,,,,,,,Hồi Hướng - Cầu An Cầu Siêu,,,"Chúng con xin thành tâm hồi hướng bao nhiêu công đức tu tập từ vô thỉ đến nay cho tất cả chúng sinh trong mạng lưới nhân duyên, cửu huyền thất tổ, cha mẹ hiện tiền, cha mẹ quá vãng, các oan gia trái chủ nhiều đời nhiều kiếp, các nạn nhân thiên tai lửa nước… <br>
 <br>
Chúng con xin Cầu Siêu cho : Tất cả các hương linh trong danh sách cầu siêu ……. <br>
 <br>
Khẩn cầu chư Phật và chư Bồ Tát phóng quang tiếp dẫn các vị này về cõi vĩnh hằng như ý nguyện.  <br>
 <br>
Xin Các Bác hãy nương theo ánh hào quang của chư Phật chư Bồ Tát về nơi Tịnh Độ An Lạc. <br>
 <br>
NAM MÔ TIẾP DẪN ĐẠO SƯ A DI ĐÀ PHẬT <br>
 <br>
Chúng con xin cầu nguyện hồi hướng đến các bác trong danh sách cầu an ……. <br>
 <br>
Cầu xin chư Phật, chư Bồ Tát gia hộ cho các Bác tội chướng, nghiệp chướng và phiền não chướng được tiêu trừ, gặp được thầy giỏi thuốc tốt để mau được lành trị. <br>
 <br>
NAM MÔ CỨU KHỔ, CỨU NẠN QUẢNG ĐẠI LINH CẢM QUÁN THẾ ÂM BỒ TÁT MA HA TÁT.",,,,,,,,,,,,,,,,,,,,,
33,33,0,0,0,1,33.00.00.00,    33 - Hồi Hướng - Mạng Lưới Nhân Duyên,A039,A,A,1,,,,,,,,,,,,,,,,,,,,,,,HH,,,,,,,,,,Hồi Hướng - Mạng Lưới Nhân Duyên,,"Thành tâm chắp tay, nghĩ tới chư Phật, chư Bồ Tát, hồi hướng công đức tới phụ mẫu, thân quyến, tất cả chúng sinh đang cần phước đức, khấn nguyện như sau:","Bao nhiêu công đức tu tập, con xin thành tâm hồi hướng tới tất cả chúng sinh trong mạng lưới nhân duyên, từ phụ mẫu, thân quyến tới oan gia, trái chủ từ nhiều đời, nhiều kiếp cho tới ngày nay. <br>
Xin chư Phật, chư Bồ Tát, từ bi hướng dẫn sự tu tập để con tiến vào đạo Bồ Tát, thực hiện mười hạnh của Đức Phổ Hiền, tức là: <br>
1. nhất giả, lễ kính chư Phật,  <br>
2. nhị giả, xưng tán Như Lai,  <br>
3. tam giả, quảng tu cúng dường,  <br>
4. tứ giả, sám hối nghiệp chướng,  <br>
5. ngũ giả, tùy hỉ công đức,  <br>
6. lục giả, thỉnh chuyển pháp luân,  <br>
7. thất giả, thỉnh Phật trụ thế,  <br>
8. bát giả, thường tùy Phật học, <br> 
9. cửu giả, hằng thuận chúng sinh và <br>
10. thập giả, phổ giai hồi hướng. <br>
<br>
Xin chư Phật, chư Bồ Tát từ bi hướng dẫn để con biết triển khai sức mạnh của bồ đề tâm, đó tức là <br> 
sức mạnh của thiện tánh, <br> 
sức mạnh của lành trị và <br> 
sức mạnh của chuyển hóa.
",,,,,,,,,,,,,,,,,,,,,
33,33,0,0,0,1,33.00.00.00,    33 - Tạ Ơn,A040,A,A,1,,,,,,,,,,,,,,,,,,,,,,,HH,,,,,,,,,,Tạ Ơn,,,"Xin cho con lúc nào cũng là pháp khí, hiển hiện sức mạnh của thiện tánh, lành trị và chuyển hoá. ",,,,,,,,,,,,,,,,,,,,,
42.0.1,42,0,1,0,3,42.00.01.00,            42.0.1 - Tu Nguyện Thành Tựu,B188,A,A,1,,,,,,,,,,,,,,,,,,,,,,,,,,,,,,,,,Tu Nguyện Thành Tựu,,,,,,,,,,,,,,,"Om, Suksma Vajra (3x)",,,,,,,,,
42.0.2,42,0,2,0,3,42.00.02.00,            42.0.2 - Chuyển hóa Pháp Bảo thành Tâm Bảo,B189,A,B,1,,,,,,,,,,,,,,,,,,,,,,,,,,,,,,,,,Chuyển hóa Pháp Bảo thành Tâm Bảo,,,,,,,,,,,,,,,"Om, Tistha Vajra (3x)",,,,,,,,,
42.0.3,42,0,3,0,3,42.00.03.00,            42.0.3 - Tu Thần Bảo thành Vô Lượng Vô Biên,B190,A,C,1,,,,,,,,,,,,,,,,,,,,,,,,,,,,,,,,,Tu Thần Bảo thành Vô Lượng Vô Biên,,,,,,,,,,,,,,,"Om, Supra Vajra (3x)",,,,,,,,,
42.0.4,42,0,4,0,3,42.00.04.00,            42.0.4 - Tu Thu Hồi Ánh Sáng vô lại Pháp Bảo,B191,A,D,1,,,,,,,,,,,,,,,,,,,,,,,,,,,,,,,,,Tu Thu Hồi Ánh Sáng vô lại Pháp Bảo,,,,,,,,,,,,,,,"Om, Samhara Vajra (3x)",,,,,,,,,
42.1.1,42,1,1,0,3,42.01.01.00,            42.1.1 - Tu Như Ý Châu Pháp Bảo ,B100,A,A,1,E01,E01,,E01,,E01,,,E01,E01,,E01,,,,,,,,,,,01,A,Như Ý Châu,"Dĩ Bồ Tát Oai Lực, <br>
Nhập Vô Phân Biệt Cảnh Giới","là hạt giống khiến ta mở ra trí huệ siêu việt, có ý nghĩa là nhờ vào oai lực của chư Bồ Tát, hành giả nhập vào cảnh giới siệu việt mọi phân biệt (Pháp giới bất nhị).",𑖀 - siddham letter a (u+11580) copy and paste - Unicode® symbol,𑖀,,Cintamani Sphere,,Tu Như Ý Châu Pháp Bảo ,,"Chuông.<br>
Như Ý Châu trong lòng bàn tay Trái",,"Mô La, Mô La (5x) <br>
Om, Qua Zư La, <br>
Qua Đô La, <br>
Hum Pan Cha (5x)","Mo La, Mo La (5x) <br>
Om, Wa Dz La, <br>
Wa Do La, <br>
Hum Pan Ja (5x)","Đưa Như Ý Châu qua đầu, và điểm 2 ngón tay còn lại vào Như Ý Châu.","Om, Suksma Vajra (3x)","Tôi là trí huệ toàn diện.<br>
Tôi là Nhất Thiết Trí.",,,,Cintamani Sphere in the Left palm,,,"Om, Suksma Vajra (3x)",And hold the Mani Jewel for a few seconds,"I am the Wisdom of Totality, the Omniscience",https://drive.google.com/file/d/1pKxPOvKqqSY7WqSGgETAyyqiMo0wc3j0/view?usp=drive_link,https://drive.google.com/uc?export=download&id=1pKxPOvKqqSY7WqSGgETAyyqiMo0wc3j0,https://drive.google.com/file/d/1ooiZrSo4IFshKHen7beniltSaTBQulRR/view?usp=drive_link,https://drive.google.com/uc?export=download&id=1ooiZrSo4IFshKHen7beniltSaTBQulRR,,,
42.1.2,42,1,2,0,3,42.01.02.00,            42.1.2 - Tu Như Ý Châu Tâm Bảo,B101,A,B,1,,,,,,,,,,,,,,,,,,,,,,,01,A,Như Ý Châu,"Dĩ Bồ Tát Oai Lực, <br>
Nhập Vô Phân Biệt Cảnh Giới","là hạt giống khiến ta mở ra trí huệ siêu việt, có ý nghĩa là nhờ vào oai lực của chư Bồ Tát, hành giả nhập vào cảnh giới siệu việt mọi phân biệt (Pháp giới bất nhị).",𑖀 - siddham letter a (u+11580) copy and paste - Unicode® symbol,𑖀,,Cintamani Sphere,,Tu Như Ý Châu Tâm Bảo,Tu Pháp Bảo thành Thần Bảo (Tác Dụng),Như Ý Châu trong lòng bàn tay Trái,,"Mô La, Mô La (5x) <br>
Om, Qua Zư La, <br>
Qua Đô La, <br>
Hum Pan Cha (5x)","Mo La, Mo La (5x) <br>
Om, Wa Dz La, <br>
Wa Do La, <br>
Hum Pan Ja (5x)","Đưa Như Ý Châu qua đầu, và điểm 2 ngón tay còn lại vào Như Ý Châu","Ọm, Tistha Vajra (3x)","Con nguyện sẽ khai mở Pháp giới ngay trong vũ trụ của dục giới, không hề có chướng ngại. Cứu cánh của NYC sẽ to ra bằng pháp giới luôn",,,,Cintamani Sphere in the Left palm,,,"Ọm, Tistha Vajra (3x)","Mình cầm Như Ý chấu trong lòng bàn tay và mình thấy rằng là cái Như Ý Châu nó trở thành vô lượng vô biên, bao trùm các pháp giới.",,https://drive.google.com/file/d/1pKxPOvKqqSY7WqSGgETAyyqiMo0wc3j0/view?usp=drive_link,https://drive.google.com/uc?export=download&id=1pKxPOvKqqSY7WqSGgETAyyqiMo0wc3j0,https://drive.google.com/file/d/1ooiZrSo4IFshKHen7beniltSaTBQulRR/view?usp=drive_link,https://drive.google.com/uc?export=download&id=1ooiZrSo4IFshKHen7beniltSaTBQulRR,,,
42.1.4,42,1,4,0,3,42.01.04.00,            42.1.4 - Tu Liên Hoa Bồ Đề Tâm,A042,L,A,2,,,,,,,,,X02,,,,,,,,,X01,,,,B1,01,A,Như Ý Châu,"Dĩ Bồ Tát Oai Lực, <br>
Nhập Vô Phân Biệt Cảnh Giới","là hạt giống khiến ta mở ra trí huệ siêu việt, có ý nghĩa là nhờ vào oai lực của chư Bồ Tát, hành giả nhập vào cảnh giới siệu việt mọi phân biệt (Pháp giới bất nhị).",𑖀 - siddham letter a (u+11580) copy and paste - Unicode® symbol,𑖀,,Cintamani Sphere,,Tu Liên Hoa Bồ Đề Tâm,,Quán tưởng CTT A 𑖀 ở phía trên đẩu 1 sải tay,,"Mô La, Mô La<br>
Om, Qua Zư La, <br>
Qua Đô La, <br>
Hum Pan Cha","Mo La, Mo La
Om, Wa Dz La,
Wa Do La,
Hum Pan Ja",,,,,,,,,,,,,https://drive.google.com/file/d/1pKxPOvKqqSY7WqSGgETAyyqiMo0wc3j0/view?usp=drive_link,https://drive.google.com/uc?export=download&id=1pKxPOvKqqSY7WqSGgETAyyqiMo0wc3j0,https://drive.google.com/file/d/1ooiZrSo4IFshKHen7beniltSaTBQulRR/view?usp=drive_link,https://drive.google.com/uc?export=download&id=1ooiZrSo4IFshKHen7beniltSaTBQulRR,,,
42.2,42,2,0,0,2,42.02.00.00,        42.2 - Tu Dây Quyến Tác Kết Nối,B103,A,A,2,,,,,,E03,,,,E03,,E03,,,,,,,,,,,02,RA,Dây Quyến Tác,Vô Biên Sai Biệt Môn,"nghĩa là vô biên môn (phạm trù, phương diện, sắc thái, quản đạo) khác nhau.",𑖨 - siddham letter ra (u+115A8) copy and paste - Unicode® symbol,𑖨,,Lariat Rope,,Tu Dây Quyến Tác Kết Nối,"Nối liền mình với tất cả chúng sanh, với tất cả chư Phật, chư Bồ Tát.","Dây Quyến Tác, gấp lại và cầm trên bàn tay Phải.  Mình cầm như vậy, mình hình dung cái quan hệ của mình với tất cả chúng sinh và những cái gút thắt",,,,"Hình dung là cái sợi dây này nó biến thành một cái mạng lưới nối liền mình với tất cả chúng sinh, với các chư Phật Bồ Tát.",,,,,,And you hold it in your hands. Imagine this becomes the web of affinities.,,,,,,https://drive.google.com/file/d/1RNpSQDVD4TZlZdGZIqHf7qzMpvpujGMS/view?usp=drive_link,https://drive.google.com/uc?export=download&id=1RNpSQDVD4TZlZdGZIqHf7qzMpvpujGMS,https://drive.google.com/file/d/14qEBFud6IxRnQR6wrNJqpV1nR6k3YdQn/view?usp=drive_link,https://drive.google.com/uc?export=download&id=14qEBFud6IxRnQR6wrNJqpV1nR6k3YdQn,,,
42.2,42,2,0,0,2,42.02.00.00,        42.2 - Tu Dây Quyến Tác Tháo Gởi Gút Thẵt,B104,A,A,3,,,,,,E04,,,,E04,,E04,,,,,,,,,,,02,RA,Dây Quyến Tác,Vô Biên Sai Biệt Môn,"nghĩa là vô biên môn (phạm trù, phương diện, sắc thái, quản đạo) khác nhau.",𑖨 - siddham letter ra (u+115A8) copy and paste - Unicode® symbol,𑖨,,Lariat Rope,,Tu Dây Quyến Tác Tháo Gởi Gút Thẵt,Giải mởi gút thắt của con với tất cả chúng sinh.,"Dây Quyến Tác, thắt một cái gút và cầm trên bàn tay Phải",,"Mô La, Nô La <br>
Om, Chư Li Lai La, <br>
Mô Nai La, <br>
Hum Pan Cha","Mo La, No La <br>
Om, Jr Li Lai La, <br>
Mo Nai La, <br>
Hum Pan Ja",,,"Xin Đức Quan Thế Âm Bồ Tát gia trì cho pháp dây Quyến Tác mà con đang tu để các gút thắt tâm tình trong cái mạng lưới nhân duyên của con đều được giải mở.Xin cái gút thắt của con với tất cả chúng sinh đó, xin được giải mở.",Rồi mình mở ra gút thắt bằng cách kéo căng dây ra.,,,"Then you tight a nod, a separate nod and you say: ",,,,,"May Kuan Yin Bodhisattva empower this dharma, and empower the practice so that all these karmic knots in the web of infinity can be untied. May all the entangled nods that I have with others, may they be resolved.",https://drive.google.com/file/d/1RNpSQDVD4TZlZdGZIqHf7qzMpvpujGMS/view?usp=drive_link,https://drive.google.com/uc?export=download&id=1RNpSQDVD4TZlZdGZIqHf7qzMpvpujGMS,https://drive.google.com/file/d/14qEBFud6IxRnQR6wrNJqpV1nR6k3YdQn/view?usp=drive_link,https://drive.google.com/uc?export=download&id=14qEBFud6IxRnQR6wrNJqpV1nR6k3YdQn,,,
42.2,42,2,0,0,2,42.02.00.00,        42.2 - Tu Dây Quyến Tác Tâm Bảo,B105,A,B,1,,,,,,,,,,,,,,,,,,,,,,,02,RA,Dây Quyến Tác,Vô Biên Sai Biệt Môn,"nghĩa là vô biên môn (phạm trù, phương diện, sắc thái, quản đạo) khác nhau.",𑖨 - siddham letter ra (u+115A8) copy and paste - Unicode® symbol,𑖨,,Lariat Rope,,Tu Dây Quyến Tác Tâm Bảo,Tu Pháp Bảo thành Thần Bảo (Tác Dụng),"Dây Quyến Tác, gấp 2 trên ngón tay cái, và quấn trên bàn tay Phải",,"Mô La, Nô La (5x) <br>
Om, Chư Li Lai La, <br>
Mô Nai La, <br>
Hum Pan Cha (5x)","Mo La, No La (5x) <br>
Om, Jr Li Lai La, <br>
Mo Nai La, <br>
Hum Pan Ja (5x)","Giang Dây Quyến Tác (gấp đôi) căng giữa 2 bàn tay, đưa qua đầu","Ọm, Tistha Vajra (3x)","Xin sức mạnh của pháp Quyến Tác này, làm cho tất cả gút thắt của con với chúng sinh được giải mở.<br>
Xin sức mạnh của pháp này làm cho cái tâm thức tạo ra gút thắt cũng được hóa giải; không những tâm thức của con, mà tâm thức của các chúng sinh có liên hệ với con.<br>
Xin sức mạnh của pháp làm cho con nối kết với mạng lưới không ngừng lớn mạnh của tâm bồ đề.",,,,"Hook the rope in half around the thumb, wrap around the Right hand",,,"Om, Suksma Vajra (3x)",,,https://drive.google.com/file/d/1RNpSQDVD4TZlZdGZIqHf7qzMpvpujGMS/view?usp=drive_link,https://drive.google.com/uc?export=download&id=1RNpSQDVD4TZlZdGZIqHf7qzMpvpujGMS,https://drive.google.com/file/d/14qEBFud6IxRnQR6wrNJqpV1nR6k3YdQn/view?usp=drive_link,https://drive.google.com/uc?export=download&id=14qEBFud6IxRnQR6wrNJqpV1nR6k3YdQn,,,
42.2,42,2,0,0,2,42.02.00.00,        42.2 - Dây Quyến Tác,B106,B,A,1,,,,,,,,,E03,,,,,,,,,,,,,,02,RA,Dây Quyến Tác,Vô Biên Sai Biệt Môn,"nghĩa là vô biên môn (phạm trù, phương diện, sắc thái, quản đạo) khác nhau.",𑖨 - siddham letter ra (u+115A8) copy and paste - Unicode® symbol,𑖨,,Lariat Rope,,Dây Quyến Tác,,"Ở tâm luân hình dung Mạng lưới Ngũ Sắc, lan tỏa ra từ tâm luân tới vô tận.",,"Mô La, Nô La <br>
Om, Chư Li Lai La, <br>
Mô Nai La, <br>
Hum Pan Cha (5x)","Mo La, No La <br>
Om, Jr Li Lai La, <br>
Mo Nai La, <br>
Hum Pan Ja (5x)",Tiếp trì trong tâm và quán 2 mins,,,,,,,,,,,,https://drive.google.com/file/d/1RNpSQDVD4TZlZdGZIqHf7qzMpvpujGMS/view?usp=drive_link,https://drive.google.com/uc?export=download&id=1RNpSQDVD4TZlZdGZIqHf7qzMpvpujGMS,https://drive.google.com/file/d/14qEBFud6IxRnQR6wrNJqpV1nR6k3YdQn/view?usp=drive_link,https://drive.google.com/uc?export=download&id=14qEBFud6IxRnQR6wrNJqpV1nR6k3YdQn,,,
42.2.1,42,2,1,0,3,42.02.01.00,            42.2.1 - Tu Dây Quyến Tác Pháp Bảo,B102,A,A,1,E02,E02,,E02,,E02,,,E02,E02,,E02,,,,,,,,,,,02,RA,Dây Quyến Tác,Vô Biên Sai Biệt Môn,"nghĩa là vô biên môn (phạm trù, phương diện, sắc thái, quản đạo) khác nhau.",𑖨 - siddham letter ra (u+115A8) copy and paste - Unicode® symbol,𑖨,,Lariat Rope,,Tu Dây Quyến Tác Pháp Bảo,,"Dây Quyến Tác, gấp 2 trên ngón tay cái, và quấn trên bàn tay Phải",,"Mô La, Nô La (5x) <br>
Om, Chư Li Lai La, <br>
Mô Nai La, <br>
Hum Pan Cha (5x)","Mo La, No La (5x) <br>
Om, Jr Li Lai La, <br>
Mo Nai La, <br>
Hum Pan Ja (5x)","Giang Dây Quyến Tác (gấp đôi) căng giữa 2 bàn tay, đưa qua đầu","Om, Suksma Vajra (3x)",Tôi là mạng lưới Đại Bi,,,,"Hook the rope in half around the thumb, wrap around the Right hand",,,"Om, Suksma Vajra (3x)",,I am the Web of the Great of Compassion.,https://drive.google.com/file/d/1RNpSQDVD4TZlZdGZIqHf7qzMpvpujGMS/view?usp=drive_link,https://drive.google.com/uc?export=download&id=1RNpSQDVD4TZlZdGZIqHf7qzMpvpujGMS,https://drive.google.com/file/d/14qEBFud6IxRnQR6wrNJqpV1nR6k3YdQn/view?usp=drive_link,https://drive.google.com/uc?export=download&id=14qEBFud6IxRnQR6wrNJqpV1nR6k3YdQn,,,
42.2.4,42,2,4,0,3,42.02.04.00,            42.2.4 - Tu Liên Hoa Bồ Đề Tâm,A044,L,A,4,,,,,,,,,X04,,,,,,,,,X03,,,,B3,02,RA,Dây Quyến Tác,Vô Biên Sai Biệt Môn,"nghĩa là vô biên môn (phạm trù, phương diện, sắc thái, quản đạo) khác nhau.",𑖨 - siddham letter ra (u+115A8) copy and paste - Unicode® symbol,𑖨,,Lariat Rope,,Tu Liên Hoa Bồ Đề Tâm,,Quán tưởng CTT RA 𑖨 ở tâm luân,,"Mô La, Nô La<br>
Om, Chư Li Lai La, <br>
Mô Nai La, <br>
Hum Pan Cha","Mo La, No La
Om, Jr Li Lai La,
Mo Nai La,
Hum Pan Ja",,,,,,,,,,,,,https://drive.google.com/file/d/1RNpSQDVD4TZlZdGZIqHf7qzMpvpujGMS/view?usp=drive_link,https://drive.google.com/uc?export=download&id=1RNpSQDVD4TZlZdGZIqHf7qzMpvpujGMS,https://drive.google.com/file/d/14qEBFud6IxRnQR6wrNJqpV1nR6k3YdQn/view?usp=drive_link,https://drive.google.com/uc?export=download&id=14qEBFud6IxRnQR6wrNJqpV1nR6k3YdQn,,,
42.3,42,3,0,0,2,42.03.00.00,        42.3 - Tu Nguyện Thành Tựu,B107,A,A,1,E03,E03,,E03,,E05,,,E04,E05,,E05,,,,,,,,,,,03,PA,Bảo Bát ,Phổ Chiếu Pháp Giới,"nghĩa là chiếu khắp vũ trụ (gồm có vũ trụ của chư Phật Bồ Tát, chư thánh hiền gọi là Pháp giới bất nhị và vũ trụ tương đối của phàm phu còn trong vọng thức).",𑖢 - siddham letter pa (u+115A2) copy and paste - Unicode® symbol,𑖢,,Jewel Bowl,,Tu Nguyện Thành Tựu,,Bảo Bát trên bàn tay Trái; tay Phải xoay bảo bát 3 vòng theo chiều kim đồng hồ.,,"Hu Lu, Hu Lu Si Li (5x) <br>
Ọm, Chư Li Chư Li, <br>
Qua Zư La, <br>
Hum Pan Cha (5x)","Hu Lu, Hu Lu Syi Li, (5x) <br>
Om Jr Li Jr Li, <br>
Wa Jr La, <br>
Hum Pan Ja (5x)","Đưa Bảo Bát qua đầu, và điểm 2 ngón tay còn lại vô Bảo Bát.","Om, Suksma Vajra (3x)","Tôi là trí huệ trưởng dưỡng.  <br>
Trưởng dưỡng tâm bồ đề của tất cả chúng sinh.","Mình cầm cái bát và mình nghĩ rằng cái bát nó trở thành cái đại địa, cái mặt đất đó, và nó giữ gìn không biết bao nhiêu là cái hạt giống Bồ Đề. Và đưa lên trên, để xuống. ",,,Jewel Bowl on the Left palm,,,"Om, Suksma Vajra (3x)","You hold for a few seconds, see the bowl becoming the earth, nurtures all bodhi seeds.",I am the wisdom of nurturance; I nurture the Bodhi mind of all living beings.,https://drive.google.com/file/d/1jcq79ChYcijkiX5WYGBUQf5_Vsjm2heR/view?usp=drive_link,https://drive.google.com/uc?export=download&id=1jcq79ChYcijkiX5WYGBUQf5_Vsjm2heR,https://drive.google.com/file/d/1fSOrTHmKd8fB3PqOI8q6Fh-mLi2n7f9B/view?usp=drive_link,https://drive.google.com/uc?export=download&id=1fSOrTHmKd8fB3PqOI8q6Fh-mLi2n7f9B,,,
42.3,42,3,0,0,2,42.03.00.00,        42.3 - Biến PA thành Đại Địa Vô Tận,B108,B,A,1,,,,,,E06,,,E05,E06,,E06,,,,,,,,,,,03,PA,Bảo Bát ,Phổ Chiếu Pháp Giới,"nghĩa là chiếu khắp vũ trụ (gồm có vũ trụ của chư Phật Bồ Tát, chư thánh hiền gọi là Pháp giới bất nhị và vũ trụ tương đối của phàm phu còn trong vọng thức).",𑖢 - siddham letter pa (u+115A2) copy and paste - Unicode® symbol,𑖢,,Jewel Bowl,,Biến PA thành Đại Địa Vô Tận,,"Mình cầm cái bát, ngón giữa tay phải chạm vào mặt đất và hình dung PA biến thành đại địa, mặt đất vô tận, giữ gìn không biết bao nhiêu hạt giống bồ đề.  ",,"Hu Lu, Hu Lu Si Li  <br>
Ọm, Chư Li Chư Li, <br>
Qua Zư La, <br>
Hum Pan Cha (5x)","Hu Lu, Hu Lu Syi Li, <br>
Om Jr Li Jr Li, <br>
Wa Jr La, <br>
Hum Pan Ja (5x)","Tiếp trì trong tâm và quán 2 mins. <br>
Đưa (bát lên trên ngang trán), rồi để xuống.",,,,,,Jewel Bowl on the Left palm,,,,"You hold for a few seconds, see the bowl becoming the earth, nurtures all bodhi seeds.",I am the wisdom of nurturance; I nurture the Bodhi mind of all living beings.,https://drive.google.com/file/d/1jcq79ChYcijkiX5WYGBUQf5_Vsjm2heR/view?usp=drive_link,https://drive.google.com/uc?export=download&id=1jcq79ChYcijkiX5WYGBUQf5_Vsjm2heR,https://drive.google.com/file/d/1fSOrTHmKd8fB3PqOI8q6Fh-mLi2n7f9B/view?usp=drive_link,https://drive.google.com/uc?export=download&id=1fSOrTHmKd8fB3PqOI8q6Fh-mLi2n7f9B,,,
42.3.4,42,3,4,0,3,42.03.04.00,            42.3.4 - Tu Liên Hoa Bồ Đề Tâm,A043,L,A,3,,,,,,,,,X03,,,,,,,,,X02,,,,B2,03,PA,Bảo Bát ,Phổ Chiếu Pháp Giới,"nghĩa là chiếu khắp vũ trụ (gồm có vũ trụ của chư Phật Bồ Tát, chư thánh hiền gọi là Pháp giới bất nhị và vũ trụ tương đối của phàm phu còn trong vọng thức).",𑖢 - siddham letter pa (u+115A2) copy and paste - Unicode® symbol,𑖢,,Jewel Bowl,,Tu Liên Hoa Bồ Đề Tâm,,Quán tưởng CTT PA 𑖢 ở đan điền,,"Hu Lu, Hu Lu Si Li<br>
Ọm, Chư Li Chư Li, <br>
Qua Zư La, <br>
Hum Pan Cha","Hu Lu, Hu Lu Syi Li,
Om Jr Li Jr Li,
Wa Jr La,
Hum Pan Ja",,,,,,,,,,,,,https://drive.google.com/file/d/1jcq79ChYcijkiX5WYGBUQf5_Vsjm2heR/view?usp=drive_link,https://drive.google.com/uc?export=download&id=1jcq79ChYcijkiX5WYGBUQf5_Vsjm2heR,https://drive.google.com/file/d/1fSOrTHmKd8fB3PqOI8q6Fh-mLi2n7f9B/view?usp=drive_link,https://drive.google.com/uc?export=download&id=1fSOrTHmKd8fB3PqOI8q6Fh-mLi2n7f9B,,,
42.4,42,4,0,0,2,42.04.00.00,        42.4 - Tu Nguyện Thành Tựu,B109,A,A,1,E04,E04,,E04,,E07,,,E06,E07,E01,E07,,,,,,,,,,,04,CA,Bảo Kiếm,Phổ Luân Đoạn Sai Biệt,nghĩa là những phạm trù (trí huệ Bát Nhã) đoạn dứt mọi phân biệt.,𑖓 - siddham letter ca (u+11593) copy and paste - Unicode® symbol,𑖓,,Jewel Sword,,Tu Nguyện Thành Tựu,,Bảo Kiếm trên bàn tay Phải,,"Đi Li, Shai Ni Nô (5x) <br>
Om, Đi Shư Đi Rơ, <br>
Đu Quay Ning Đu Ti, <br>
Shô Tô Dê, <br>
Hum Pan Cha (5x)","Di Li Shai Ni No (5x) <br>
Om, Di Shr Di Re, <br>
Du Wei Ning Du Ti, <br>
So To Ye, <br>
Hum Pan Ja (5x)",Bảo Kiếm giữa 2 bàn tay.,"Om, Suksma Vajra (3x)",Tôi là trí huệ không ngừng vượt thoát.,Hình dung cái chủng tử tự Sa ngay cái tâm Oa đó đã phóng ra sáu cái đường laser. ,,,Jewel Sword on the Right palm,,,"Om, Suksma Vajra (3x)","And you hold for few seconds, visualize the 6 laser beams.","I am the wisdom of ever transcendence, ever-penetrating all ignorances",https://drive.google.com/file/d/1sugIvargavsRkytwhE4wbLnwQXswSRr5/view?usp=drive_link,https://drive.google.com/uc?export=download&id=1sugIvargavsRkytwhE4wbLnwQXswSRr5,https://drive.google.com/file/d/1x1uESrjIrs9-JcU3uTEbbwXZ5TGxI9Tr/view?usp=drive_link,https://drive.google.com/uc?export=download&id=1x1uESrjIrs9-JcU3uTEbbwXZ5TGxI9Tr,,,
42.4,42,4,0,0,2,42.04.00.00,        42.4 - Chuyển hóa Pháp Bảo thành Tâm Bảo,B110,A,B,1,,,,,,,,,,,,,,,,,,,,,,,04,CA,Bảo Kiếm,Phổ Luân Đoạn Sai Biệt,nghĩa là những phạm trù (trí huệ Bát Nhã) đoạn dứt mọi phân biệt.,𑖓 - siddham letter ca (u+11593) copy and paste - Unicode® symbol,𑖓,,Jewel Sword,,Chuyển hóa Pháp Bảo thành Tâm Bảo,Tu Pháp Bảo thành Thần Bảo (Tác Dụng),Bảo Kiếm trên bàn tay Phải,,"Đi Li, Shai Ni Nô (5x) <br>
Om, Đi Shư Đi Rơ, <br>
Đu Quay Ning Đu Ti, <br>
Shô Tô Dê, <br>
Hum Pan Cha (5x)","Di Li Shai Ni No (5x) <br>
Om, Di Shr Di Re, <br>
Du Wei Ning Du Ti, <br>
So To Ye, <br>
Hum Pan Ja (5x)",Bảo Kiếm giữa 2 bàn tay,"Ọm, Tistha Vajra (3x)","Xin mỗi lần tu là mỗi lần con thêm được sự tinh tấn, thêm được sự chuyên chú, thêm được định lực; và thêm khả năng để nhìn xuyên qua bóng tối
Cứu cánh là sự tập trung của mình, sự chuyên chú sẽ đến chỗ nhất tâm bất loạn.
-TÔI LÀ TRÍ BÁT NHÃ XUYÊN THẤU TẤT CẢ VÔ MINH VỌNG TƯỞNG VÀ XUYÊN QUA ĐƯỢC CẢ BONG BÓNG BẢN NGÃ
-XIN CON TRỞ THÀNH PHƯƠNG TIỆN ĐỂ TRUYỀN ĐẠT KHO TÀNG CỦA CHƯ PHẬT XUỐNG CHÚNG SINH
""",,,,Jewel Sword on the Right palm,,,"Om, Tistha Vajra (3x)",,,https://drive.google.com/file/d/1sugIvargavsRkytwhE4wbLnwQXswSRr5/view?usp=drive_link,https://drive.google.com/uc?export=download&id=1sugIvargavsRkytwhE4wbLnwQXswSRr5,https://drive.google.com/file/d/1x1uESrjIrs9-JcU3uTEbbwXZ5TGxI9Tr/view?usp=drive_link,https://drive.google.com/uc?export=download&id=1x1uESrjIrs9-JcU3uTEbbwXZ5TGxI9Tr,,,
42.4,42,4,0,0,2,42.04.00.00,        42.4 - Tu Nguyện Thành Tựu?,B111,B,A,1,,,,,,E08,,,E07,E08,,E08,,,,,,,,,,,04,CA,Bảo Kiếm,Phổ Luân Đoạn Sai Biệt,nghĩa là những phạm trù (trí huệ Bát Nhã) đoạn dứt mọi phân biệt.,𑖓 - siddham letter ca (u+11593) copy and paste - Unicode® symbol,𑖓,,Jewel Sword,,Tu Nguyện Thành Tựu?,,"Hình dung chủng tử CA ở tâm oa và phóng ra 6 đường laser, thẳng lên vô tận, xuống vô tận.",,"Đi Li, Shai Ni Nô <br>
Om, Đi Shư Đi Rơ, <br>
Đu Quay Ning Đu Ti, <br>
Shô Tô Dê, <br>
Hum Pan Cha (5x)","Di Li Shai Ni No <br>
Om, Di Shr Di Re, <br>
Du Wei Ning Du Ti, <br>
So To Ye, <br>
Hum Pan Ja (5x)","Tiếp trì trong tâm và quán 2 mins. <br>
Đưa Bảo Kiếm lên trên ngang trán, rồi để xuống.",,,,,,Jewel Sword on the Right palm,,,,,,https://drive.google.com/file/d/1sugIvargavsRkytwhE4wbLnwQXswSRr5/view?usp=drive_link,https://drive.google.com/uc?export=download&id=1sugIvargavsRkytwhE4wbLnwQXswSRr5,https://drive.google.com/file/d/1x1uESrjIrs9-JcU3uTEbbwXZ5TGxI9Tr/view?usp=drive_link,https://drive.google.com/uc?export=download&id=1x1uESrjIrs9-JcU3uTEbbwXZ5TGxI9Tr,,,
42.4,42,4,0,0,2,42.04.00.00,        42.4 - Kiến tạo Từ Trường,B113,B,A,1,,,,,,,,,E12,E13,,E13,,,,,,,,,,,05,NA,Bạt Chiết La,Đắc Vô Y Vô Thượng,"nghĩa là chứng ngộ (Chân Tâm) tối cao, không còn nương tựa vào đâu nữa.",𑖡 - siddham letter na (u+115A1) copy and paste - Unicode® symbol,𑖓,,Jewel Sword,,Kiến tạo Từ Trường,,"Hình dung chủng tử tự NA 𑖡 ở tâm luân, <br>
NA 𑖡 trở thành CA 𑖓 để thành laser beam.",,,,,,,,,,,,,,,,https://drive.google.com/file/d/1sugIvargavsRkytwhE4wbLnwQXswSRr5/view?usp=drive_link,https://drive.google.com/uc?export=download&id=1sugIvargavsRkytwhE4wbLnwQXswSRr5,https://drive.google.com/file/d/1x1uESrjIrs9-JcU3uTEbbwXZ5TGxI9Tr/view?usp=drive_link,https://drive.google.com/uc?export=download&id=1x1uESrjIrs9-JcU3uTEbbwXZ5TGxI9Tr,,,
42.4.4,42,4,4,0,3,42.04.04.00,            42.4.4 - Tu Liên Hoa Bồ Đề Tâm,A048,L,A,8,,,,,,,,,X08,,,,X08,X08,X08,X08,X08,X05,,,X08,E2,04,CA,Bảo Kiếm,Phổ Luân Đoạn Sai Biệt,nghĩa là những phạm trù (trí huệ Bát Nhã) đoạn dứt mọi phân biệt.,𑖓 - siddham letter ca (u+11593) copy and paste - Unicode® symbol,𑖓,,Jewel Sword,,Tu Liên Hoa Bồ Đề Tâm,"(0.0,0.0,0.0)(0.0, 0.0, 0.0)(0.0,0.0,0.0)",Quán tưởng CTT CA 𑖓 ngay ở tâm luân.,Core Center,"Đi Li, Shai Ni Nô<br>
Om, Đi Shư Đi Rơ, <br>
Đu Quay Ning Đu Ti, <br>
Shô Tô Dê, <br>
Hum Pan Cha","Di Li Shai Ni No
Om, Di Shr Di Re,
Du Wei Ning Du Ti,
So To Ye,
Hum Pan Ja",Solar Plexus Chakra,,,,,,,,,,,,https://drive.google.com/file/d/1sugIvargavsRkytwhE4wbLnwQXswSRr5/view?usp=drive_link,https://drive.google.com/uc?export=download&id=1sugIvargavsRkytwhE4wbLnwQXswSRr5,https://drive.google.com/file/d/1x1uESrjIrs9-JcU3uTEbbwXZ5TGxI9Tr/view?usp=drive_link,https://drive.google.com/uc?export=download&id=1x1uESrjIrs9-JcU3uTEbbwXZ5TGxI9Tr,,,
42.4.4,42,4,4,0,3,42.04.04.00,            42.4.4 - Tu Liên Hoa Bồ Đề Tâm,A053,L,A,13,,,,,,,,,X13,,,,X13,X13,X13,X13,X13,,,,X13,E5,04,CA,Bảo Kiếm,Phổ Luân Đoạn Sai Biệt,nghĩa là những phạm trù (trí huệ Bát Nhã) đoạn dứt mọi phân biệt.,𑖓 - siddham letter ca (u+11593) copy and paste - Unicode® symbol,𑖓,,Jewel Sword,,Tu Liên Hoa Bồ Đề Tâm,"(0.0,0.0,0.0)(0.0, 0.0, 0.0)(0.0,0.0,0.0)",Quán tưởng CTT CA 𑖓 ngay ở tâm luân.,Core Center,"Đi Li, Shai Ni Nô<br>
Om, Đi Shư Đi Rơ, <br>
Đu Quay Ning Đu Ti, <br>
Shô Tô Dê, <br>
Hum Pan Cha","Di Li Shai Ni No
Om, Di Shr Di Re,
Du Wei Ning Du Ti,
So To Ye,
Hum Pan Ja",,,,,,,,,,,,,https://drive.google.com/file/d/1sugIvargavsRkytwhE4wbLnwQXswSRr5/view?usp=drive_link,https://drive.google.com/uc?export=download&id=1sugIvargavsRkytwhE4wbLnwQXswSRr5,https://drive.google.com/file/d/1x1uESrjIrs9-JcU3uTEbbwXZ5TGxI9Tr/view?usp=drive_link,https://drive.google.com/uc?export=download&id=1x1uESrjIrs9-JcU3uTEbbwXZ5TGxI9Tr,,,
42.4.4,42,4,4,0,3,42.04.04.00,            42.4.4 - Tu Liên Hoa Bồ Đề Tâm,A058,L,A,18,,,,,,,,,X18,,,,X18,X18,X18,X18,X18,,,,X18,E8,04,CA,Bảo Kiếm,Phổ Luân Đoạn Sai Biệt,nghĩa là những phạm trù (trí huệ Bát Nhã) đoạn dứt mọi phân biệt.,𑖓 - siddham letter ca (u+11593) copy and paste - Unicode® symbol,𑖓,,Jewel Sword,,Tu Liên Hoa Bồ Đề Tâm,"(0.0,0.0,0.0)(0.0, 0.0, 0.0)(0.0,0.0,0.0)",Quán tưởng CTT CA 𑖓 ngay ở tâm luân.,Core Center,"Đi Li, Shai Ni Nô<br>
Om, Đi Shư Đi Rơ, <br>
Đu Quay Ning Đu Ti, <br>
Shô Tô Dê, <br>
Hum Pan Cha","Di Li Shai Ni No
Om, Di Shr Di Re,
Du Wei Ning Du Ti,
So To Ye,
Hum Pan Ja",,,,,,,,,,,,,https://drive.google.com/file/d/1sugIvargavsRkytwhE4wbLnwQXswSRr5/view?usp=drive_link,https://drive.google.com/uc?export=download&id=1sugIvargavsRkytwhE4wbLnwQXswSRr5,https://drive.google.com/file/d/1x1uESrjIrs9-JcU3uTEbbwXZ5TGxI9Tr/view?usp=drive_link,https://drive.google.com/uc?export=download&id=1x1uESrjIrs9-JcU3uTEbbwXZ5TGxI9Tr,,,
42.5,42,5,0,0,2,42.05.00.00,        42.5 - Tu Nguyện Thành Tựu,B112,A,A,1,E05,E05,,E05,,,,,E15,E16,,E16,,,,,,,,,,,05,NA,Bạt Chiết La,Đắc Vô Y Vô Thượng,"nghĩa là chứng ngộ (Chân Tâm) tối cao, không còn nương tựa vào đâu nữa.",𑖡 - siddham letter na (u+115A1) copy and paste - Unicode® symbol,𑖡,,Vajra,,Tu Nguyện Thành Tựu,,"Cầm Bạt Chiết La thẳng đứng bằng bàn tay Trái.<br>
Tay Phải nấm Kim Cang Quyền.",,"Chê Chi La, Ơ Si Tô Dê (5x) <br>
Om, Ni Bi Ni Bi, <br>
Ni Ba Dê, <br>
Mô Hô Shư Li Dê, <br>
Sô Pô Hô (5x)","Je Ji La E Syi To Ye (5x)<br>
Om, Ni Bi Ni Bi,<br>
Ni Ba Ye,<br>
Mo He Shr Li Ye,<br>
So Po He (5x)",Dùng 2 tay đưa Pháp Bảo qua đầu.,"Om, Suksma Vajra (3x)","Tôi là Chân Như Bình Đẳng Tạng. <br>
Nguyện thành tựu từ trường Chân Như để chuyển hóa tất cả từ trường nghiệp lực.","Quán tưởng từ trường xoay chuyển từ xung quanh, hội tụ phía trên Bạt Chiết La, và đi ra từ phía dưới Bạt Chiết La.<br>
",,,"Holding the Varja vertically in the Left hand.
Right Hand in Kim Cang Fist.",,,"Om, Suksma Vajra (3x)",,"I am the Treasure of Suchness; I vow to accomplish the energy field of
Suchness thus transform the energy field of karma",https://drive.google.com/file/d/1VCRvyGeM8mdbMNSrtYeT505zPJzT22Xe/view?usp=drive_link,https://drive.google.com/uc?export=download&id=1VCRvyGeM8mdbMNSrtYeT505zPJzT22Xe,https://drive.google.com/file/d/1U6pAtTRhW2RL-jFWTpkZYqlzXh7PXQ5V/view?usp=drive_link,https://drive.google.com/uc?export=download&id=1U6pAtTRhW2RL-jFWTpkZYqlzXh7PXQ5V,,,
42.5,42,5,0,0,2,42.05.00.00,        42.5 - Kiến tạo Từ Trường,B114,B,A,2,,,,,,,,,E13,E14,,E14,,,,,,,,,,,05,NA,Bạt Chiết La,Đắc Vô Y Vô Thượng,"nghĩa là chứng ngộ (Chân Tâm) tối cao, không còn nương tựa vào đâu nữa.",𑖞 - siddham letter tha (u+1159E) copy and paste - Unicode® symbol,𑖞,,Blue Lotus,,Kiến tạo Từ Trường,,Quán Thanh LH ở trên 𑖞,,"Li Tô Duin <br>
Om, Chư Li Chư Li, <br>
Qua Zư La, <br>
Bu La Pan Tô, <br>
Hum Pan Cha","Li To Yun <br>
Om, Jr Li Jr Li, <br>
Wa Dz La, <br>
Bu La Pan To, <br>
Hum Pan Ja",Mở Thanh Liên Hoa trên ra.,,,,,,,,,,,,https://drive.google.com/file/d/1SMO2bGuIAoGx2uMpoYwxoLZobFTJkexr/view?usp=drive_link,https://drive.google.com/uc?export=download&id=1SMO2bGuIAoGx2uMpoYwxoLZobFTJkexr,https://drive.google.com/file/d/1PD-pvdPdu3DL3zNUuaftOBUdORmgoyJo/view?usp=drive_link,https://drive.google.com/uc?export=download&id=1PD-pvdPdu3DL3zNUuaftOBUdORmgoyJo,,,
42.5,42,5,0,0,2,42.05.00.00,        42.5 - Kiến tạo Từ Trường,B115,B,A,3,,,,,,,,,E14,E15,,E15,,,,,,,,,,,05,NA,Bạt Chiết La,Đắc Vô Y Vô Thượng,"nghĩa là chứng ngộ (Chân Tâm) tối cao, không còn nương tựa vào đâu nữa.",𑖞 - siddham letter tha (u+1159E) copy and paste - Unicode® symbol,𑖞,,Blue Lotus,,Kiến tạo Từ Trường,,Và Thanh LH ở dưới 𑖞,,"Li Tô Duin <br>
Om, Chư Li Chư Li, <br>
Qua Zư La, <br>
Bu La Pan Tô, <br>
Hum Pan Cha","Li To Yun <br>
Om, Jr Li Jr Li, <br>
Wa Dz La, <br>
Bu La Pan To, <br>
Hum Pan Ja","Cánh hoa sen, dưới, mở ra tạo dòng năng lượng torus đi xuống.
The laser beam bends into the Torus. Cho tia laser chạy rồi thì mới trì chú để cho đường quang minh của cái tia laser đi vòng theo cánh hoa thành cái Torus. Và chỉ quán đường Torus, không quán chủng tử tự.",,,"Cánh hoa sen, dưới, mở ra tạo dòng năng lượng torus đi xuống.
The laser beam bends into the Torus. Cho tia laser chạy rồi thì mới trì chú để cho đường quang minh của cái tia laser đi vòng theo cánh hoa thành cái Torus. br>
Và chỉ quán đường Torus, không quán chủng tử tự.",,,,,,,,,https://drive.google.com/file/d/1SMO2bGuIAoGx2uMpoYwxoLZobFTJkexr/view?usp=drive_link,https://drive.google.com/uc?export=download&id=1SMO2bGuIAoGx2uMpoYwxoLZobFTJkexr,https://drive.google.com/file/d/1PD-pvdPdu3DL3zNUuaftOBUdORmgoyJo/view?usp=drive_link,https://drive.google.com/uc?export=download&id=1PD-pvdPdu3DL3zNUuaftOBUdORmgoyJo,,,
42.5,42,5,0,0,2,42.05.00.00,        42.5 - Chuyển hóa Nghiệp Lực,B116,B,A,4,,,,,,E17,,,E16,E17,,E17,,,,,,,,,,,05,NA,Bạt Chiết La,Đắc Vô Y Vô Thượng,"nghĩa là chứng ngộ (Chân Tâm) tối cao, không còn nương tựa vào đâu nữa.",𑖡 - siddham letter na (u+115A1) copy and paste - Unicode® symbol,𑖡,,Vajra,,Chuyển hóa Nghiệp Lực,Quán tưởng tử trường để chuyển hóa từ trường nghiệp lực.,"Cầm Bạt Chiết La thẳng đứng bằng bàn tay Trái.<br>
Quán tưởng từ trường Xanh chạy từ trên xuống.",,"Chê Chi La, Ơ Si Tô Dê <br>
Om, Ni Bi Ni Bi, <br>
Ni Ba Dê, <br>
Mô Hô Shư Li Dê, <br>
Sô Pô Hô (12x)","Je Ji La E Syi To Ye <br>
Om, Ni Bi Ni Bi,<br>
Ni Ba Ye,<br>
Mo He Shr Li Ye,<br>
So Po He (12x)",,"Om, Suksma Vajra (3x)",,Mình phải ngồi nghĩ vài phút cái từ trường Chân Như nó chạy ra sao. Nhờ quán như vậy mà từ trường nghiệp chướng của mình thay đổi được.,,,Visualize the Torus.,,,"Om, Suksma Vajra (3x)","Now visualize the torus, going down from the top of the head and turn around. Let it transform your habitual energy.",,https://drive.google.com/file/d/1VCRvyGeM8mdbMNSrtYeT505zPJzT22Xe/view?usp=drive_link,https://drive.google.com/uc?export=download&id=1VCRvyGeM8mdbMNSrtYeT505zPJzT22Xe,https://drive.google.com/file/d/1U6pAtTRhW2RL-jFWTpkZYqlzXh7PXQ5V/view?usp=drive_link,https://drive.google.com/uc?export=download&id=1U6pAtTRhW2RL-jFWTpkZYqlzXh7PXQ5V,,,
42.5,42,5,0,0,2,42.05.00.00,        42.5 - Kiến tạo Từ Trường,B117,B,A,5,,,,,,,,,,,,,,,,,,,,,,,05,NA,Bạt Chiết La,Đắc Vô Y Vô Thượng,"nghĩa là chứng ngộ (Chân Tâm) tối cao, không còn nương tựa vào đâu nữa.",𑖞 - siddham letter tha (u+1159E) copy and paste - Unicode® symbol,𑖞,,Blue Lotus,,Kiến tạo Từ Trường,,"Flip the vajra holding on the right hand<br>
Quán Hồng LH ở dưới ",,"Li Tô Duin <br>
Om, Chư Li Chư Li, <br>
Qua Zư La, <br>
Bu La Pan Tô, <br>
Hum Pan Cha","Li To Yun <br>
Om, Jr Li Jr Li, <br>
Wa Dz La, <br>
Bu La Pan To, <br>
Hum Pan Ja",Mở Hồng Liên Hoa ở dưới lên.,,,,,,,,,,,,https://drive.google.com/file/d/1SMO2bGuIAoGx2uMpoYwxoLZobFTJkexr/view?usp=drive_link,https://drive.google.com/uc?export=download&id=1SMO2bGuIAoGx2uMpoYwxoLZobFTJkexr,https://drive.google.com/file/d/1PD-pvdPdu3DL3zNUuaftOBUdORmgoyJo/view?usp=drive_link,https://drive.google.com/uc?export=download&id=1PD-pvdPdu3DL3zNUuaftOBUdORmgoyJo,,,
42.5,42,5,0,0,2,42.05.00.00,        42.5 - Kiến tạo Từ Trường,B118,B,A,6,,,,,,,,,,,,,,,,,,,,,,,05,NA,Bạt Chiết La,Đắc Vô Y Vô Thượng,"nghĩa là chứng ngộ (Chân Tâm) tối cao, không còn nương tựa vào đâu nữa.",𑖞 - siddham letter tha (u+1159E) copy and paste - Unicode® symbol,𑖞,,Blue Lotus,,Kiến tạo Từ Trường,,Và Hồng LH ở trên,,"Li Tô Duin <br>
Om, Chư Li Chư Li, <br>
Qua Zư La, <br>
Bu La Pan Tô, <br>
Hum Pan Cha","Li To Yun <br>
Om, Jr Li Jr Li, <br>
Wa Dz La, <br>
Bu La Pan To, <br>
Hum Pan Ja","Cánh hoa sen, dưới, mở ra tạo dòng năng lượng torus đi xuống.
The laser beam bends into the Torus. Cho tia laser chạy rồi thì mới trì chú để cho đường quang minh của cái tia laser đi vòng theo cánh hoa thành cái Torus. Và chỉ quán đường Torus, không quán chủng tử tự.",,,"Cánh hoa sen, dưới, mở ra tạo dòng năng lượng torus đi xuống.
The laser beam bends into the Torus. Cho tia laser chạy rồi thì mới trì chú để cho đường quang minh của cái tia laser đi vòng theo cánh hoa thành cái Torus. br>
Và chỉ quán đường Torus, không quán chủng tử tự.",,,,,,,,,https://drive.google.com/file/d/1SMO2bGuIAoGx2uMpoYwxoLZobFTJkexr/view?usp=drive_link,https://drive.google.com/uc?export=download&id=1SMO2bGuIAoGx2uMpoYwxoLZobFTJkexr,https://drive.google.com/file/d/1PD-pvdPdu3DL3zNUuaftOBUdORmgoyJo/view?usp=drive_link,https://drive.google.com/uc?export=download&id=1PD-pvdPdu3DL3zNUuaftOBUdORmgoyJo,,,
42.5,42,5,0,0,2,42.05.00.00,        42.5 - Chuyển hóa Nghiệp Lực,B119,B,A,7,,,,,,,,,,,,,,,,,,,,,,,05,NA,Bạt Chiết La,Đắc Vô Y Vô Thượng,"nghĩa là chứng ngộ (Chân Tâm) tối cao, không còn nương tựa vào đâu nữa.",𑖡 - siddham letter na (u+115A1) copy and paste - Unicode® symbol,𑖡,,Vajra,,Chuyển hóa Nghiệp Lực,Quán tưởng tử trường để chuyển hóa từ trường nghiệp lực.,"Cầm Bạt Chiết La thẳng đứng bằng bàn tay Trái.<br>
Quán tưởng từ trường Hồng chạy từ dưới lên và ra ngoài BBBN",,"Chê Chi La, Ơ Si Tô Dê <br>
Om, Ni Bi Ni Bi, <br>
Ni Ba Dê, <br>
Mô Hô Shư Li Dê, <br>
Sô Pô Hô (12x)","Je Ji La E Syi To Ye <br>
Om, Ni Bi Ni Bi,<br>
Ni Ba Ye,<br>
Mo He Shr Li Ye,<br>
So Po He (12x)",,"Om, Suksma Vajra (3x)",Nguyện thành tựu từ trường Chân Như để hóa giải từ trường Nghiệp lực của mình và người,,,,Visualize the Torus.,,,"Om, Suksma Vajra (3x)","Now visualize the torus, going down from the top of the head and turn around. Let it transform your habitual energy.",,https://drive.google.com/file/d/1VCRvyGeM8mdbMNSrtYeT505zPJzT22Xe/view?usp=drive_link,https://drive.google.com/uc?export=download&id=1VCRvyGeM8mdbMNSrtYeT505zPJzT22Xe,https://drive.google.com/file/d/1U6pAtTRhW2RL-jFWTpkZYqlzXh7PXQ5V/view?usp=drive_link,https://drive.google.com/uc?export=download&id=1U6pAtTRhW2RL-jFWTpkZYqlzXh7PXQ5V,,,
42.5,42,5,0,0,2,42.05.00.00,        42.5 - Kiến tạo Từ Trường,B120,B,A,8,,,,,,,,,,,,,,,,,,,,,,,05,NA,Bạt Chiết La,Đắc Vô Y Vô Thượng,"nghĩa là chứng ngộ (Chân Tâm) tối cao, không còn nương tựa vào đâu nữa.",𑖞 - siddham letter tha (u+1159E) copy and paste - Unicode® symbol,𑖞,,Blue Lotus,,Kiến tạo Từ Trường,,"Flip the vajra holding on the left hand<br>
Quán Bạch LH ở trên ",,"Li Tô Duin <br>
Om, Chư Li Chư Li, <br>
Qua Zư La, <br>
Bu La Pan Tô, <br>
Hum Pan Cha","Li To Yun <br>
Om, Jr Li Jr Li, <br>
Wa Dz La, <br>
Bu La Pan To, <br>
Hum Pan Ja",Mở Bạch Liên Hoa trên ra,,,,,,,,,,,,https://drive.google.com/file/d/1SMO2bGuIAoGx2uMpoYwxoLZobFTJkexr/view?usp=drive_link,https://drive.google.com/uc?export=download&id=1SMO2bGuIAoGx2uMpoYwxoLZobFTJkexr,https://drive.google.com/file/d/1PD-pvdPdu3DL3zNUuaftOBUdORmgoyJo/view?usp=drive_link,https://drive.google.com/uc?export=download&id=1PD-pvdPdu3DL3zNUuaftOBUdORmgoyJo,,,
42.5,42,5,0,0,2,42.05.00.00,        42.5 - Kiến tạo Từ Trường,B121,B,A,9,,,,,,,,,,,,,,,,,,,,,,,05,NA,Bạt Chiết La,Đắc Vô Y Vô Thượng,"nghĩa là chứng ngộ (Chân Tâm) tối cao, không còn nương tựa vào đâu nữa.",𑖞 - siddham letter tha (u+1159E) copy and paste - Unicode® symbol,𑖞,,Blue Lotus,,Kiến tạo Từ Trường,,Và Bạch LH ở dưới ,,"Li Tô Duin <br>
Om, Chư Li Chư Li, <br>
Qua Zư La, <br>
Bu La Pan Tô, <br>
Hum Pan Cha","Li To Yun <br>
Om, Jr Li Jr Li, <br>
Wa Dz La, <br>
Bu La Pan To, <br>
Hum Pan Ja","Cánh hoa sen, dưới, mở ra tạo dòng năng lượng torus đi xuống.
The laser beam bends into the Torus. Cho tia laser chạy rồi thì mới trì chú để cho đường quang minh của cái tia laser đi vòng theo cánh hoa thành cái Torus. Và chỉ quán đường Torus, không quán chủng tử tự.",,,"Cánh hoa sen, dưới, mở ra tạo dòng năng lượng torus đi xuống.
The laser beam bends into the Torus. Cho tia laser chạy rồi thì mới trì chú để cho đường quang minh của cái tia laser đi vòng theo cánh hoa thành cái Torus. br>
Và chỉ quán đường Torus, không quán chủng tử tự.",,,,,,,,,https://drive.google.com/file/d/1SMO2bGuIAoGx2uMpoYwxoLZobFTJkexr/view?usp=drive_link,https://drive.google.com/uc?export=download&id=1SMO2bGuIAoGx2uMpoYwxoLZobFTJkexr,https://drive.google.com/file/d/1PD-pvdPdu3DL3zNUuaftOBUdORmgoyJo/view?usp=drive_link,https://drive.google.com/uc?export=download&id=1PD-pvdPdu3DL3zNUuaftOBUdORmgoyJo,,,
42.5,42,5,0,0,2,42.05.00.00,        42.5 - Chuyển hóa Nghiệp Lực,B122,B,A,10,,,,,,,,,,,,,,,,,,,,,,,05,NA,Bạt Chiết La,Đắc Vô Y Vô Thượng,"nghĩa là chứng ngộ (Chân Tâm) tối cao, không còn nương tựa vào đâu nữa.",𑖡 - siddham letter na (u+115A1) copy and paste - Unicode® symbol,𑖡,,Vajra,,Chuyển hóa Nghiệp Lực,Quán tưởng tử trường để chuyển hóa từ trường nghiệp lực.,"Cầm Bạt Chiết La thẳng đứng bằng bàn tay Trái.<br>
Quán tưởng từ trường Bạch chạy từ dưới lên và ra ngoài BBBN và rộng ra nữa
.",,"Chê Chi La, Ơ Si Tô Dê <br>
Om, Ni Bi Ni Bi, <br>
Ni Ba Dê, <br>
Mô Hô Shư Li Dê, <br>
Sô Pô Hô (12x)","Je Ji La E Syi To Ye <br>
Om, Ni Bi Ni Bi,<br>
Ni Ba Ye,<br>
Mo He Shr Li Ye,<br>
So Po He (12x)",,"Om, Suksma Vajra (3x)",,Mình phải ngồi nghĩ vài phút cái từ trường Chân Như nó chạy ra sao. Nhờ quán như vậy mà từ trường nghiệp chướng của mình thay đổi được.,,,Visualize the Torus.,,,"Om, Suksma Vajra (3x)","Now visualize the torus, going down from the top of the head and turn around. Let it transform your habitual energy.",,https://drive.google.com/file/d/1VCRvyGeM8mdbMNSrtYeT505zPJzT22Xe/view?usp=drive_link,https://drive.google.com/uc?export=download&id=1VCRvyGeM8mdbMNSrtYeT505zPJzT22Xe,https://drive.google.com/file/d/1U6pAtTRhW2RL-jFWTpkZYqlzXh7PXQ5V/view?usp=drive_link,https://drive.google.com/uc?export=download&id=1U6pAtTRhW2RL-jFWTpkZYqlzXh7PXQ5V,,,
42.5,42,5,0,0,2,42.05.00.00,        42.5 - Kiến tạo Từ Trường,B123,B,A,11,,,,,,,,,,,,,,,,,,,,,,,05,NA,Bạt Chiết La,Đắc Vô Y Vô Thượng,"nghĩa là chứng ngộ (Chân Tâm) tối cao, không còn nương tựa vào đâu nữa.",𑖞 - siddham letter tha (u+1159E) copy and paste - Unicode® symbol,𑖞,,Blue Lotus,,Kiến tạo Từ Trường,,"Flip the vajra holding on the right hand<br>
Quán Tía LH ở phía dưới",,"Li Tô Duin <br>
Om, Chư Li Chư Li, <br>
Qua Zư La, <br>
Bu La Pan Tô, <br>
Hum Pan Cha","Li To Yun <br>
Om, Jr Li Jr Li, <br>
Wa Dz La, <br>
Bu La Pan To, <br>
Hum Pan Ja",Mở Tía Liên Hoa ở phía dưới,,,,,,,,,,,,https://drive.google.com/file/d/1SMO2bGuIAoGx2uMpoYwxoLZobFTJkexr/view?usp=drive_link,https://drive.google.com/uc?export=download&id=1SMO2bGuIAoGx2uMpoYwxoLZobFTJkexr,https://drive.google.com/file/d/1PD-pvdPdu3DL3zNUuaftOBUdORmgoyJo/view?usp=drive_link,https://drive.google.com/uc?export=download&id=1PD-pvdPdu3DL3zNUuaftOBUdORmgoyJo,,,
42.5,42,5,0,0,2,42.05.00.00,        42.5 - Kiến tạo Từ Trường,B124,B,A,12,,,,,,,,,,,,,,,,,,,,,,,05,NA,Bạt Chiết La,Đắc Vô Y Vô Thượng,"nghĩa là chứng ngộ (Chân Tâm) tối cao, không còn nương tựa vào đâu nữa.",𑖞 - siddham letter tha (u+1159E) copy and paste - Unicode® symbol,𑖞,,Blue Lotus,,Kiến tạo Từ Trường,,Và Tía LH ở trên,,"Li Tô Duin <br>
Om, Chư Li Chư Li, <br>
Qua Zư La, <br>
Bu La Pan Tô, <br>
Hum Pan Cha","Li To Yun <br>
Om, Jr Li Jr Li, <br>
Wa Dz La, <br>
Bu La Pan To, <br>
Hum Pan Ja","Cánh hoa sen, dưới, mở ra tạo dòng năng lượng torus đi xuống.
The laser beam bends into the Torus. Cho tia laser chạy rồi thì mới trì chú để cho đường quang minh của cái tia laser đi vòng theo cánh hoa thành cái Torus. Và chỉ quán đường Torus, không quán chủng tử tự.",,,"Cánh hoa sen, dưới, mở ra tạo dòng năng lượng torus đi xuống.
The laser beam bends into the Torus. Cho tia laser chạy rồi thì mới trì chú để cho đường quang minh của cái tia laser đi vòng theo cánh hoa thành cái Torus. br>
Và chỉ quán đường Torus, không quán chủng tử tự.",,,,,,,,,https://drive.google.com/file/d/1SMO2bGuIAoGx2uMpoYwxoLZobFTJkexr/view?usp=drive_link,https://drive.google.com/uc?export=download&id=1SMO2bGuIAoGx2uMpoYwxoLZobFTJkexr,https://drive.google.com/file/d/1PD-pvdPdu3DL3zNUuaftOBUdORmgoyJo/view?usp=drive_link,https://drive.google.com/uc?export=download&id=1PD-pvdPdu3DL3zNUuaftOBUdORmgoyJo,,,
42.5,42,5,0,0,2,42.05.00.00,        42.5 - Chuyển hóa Nghiệp Lực,B125,B,A,13,,,,,,,,,,,,,,,,,,,,,,,05,NA,Bạt Chiết La,Đắc Vô Y Vô Thượng,"nghĩa là chứng ngộ (Chân Tâm) tối cao, không còn nương tựa vào đâu nữa.",𑖡 - siddham letter na (u+115A1) copy and paste - Unicode® symbol,𑖡,,Vajra,,Chuyển hóa Nghiệp Lực,Quán tưởng tử trường để chuyển hóa từ trường nghiệp lực.,"Cầm Bạt Chiết La thẳng đứng bằng bàn tay Trái.<br>
Quán tưởng từ trường  chạy từ trên xuống và ra ngoài BBBN.",,"Chê Chi La, Ơ Si Tô Dê <br>
Om, Ni Bi Ni Bi, <br>
Ni Ba Dê, <br>
Mô Hô Shư Li Dê, <br>
Sô Pô Hô (12x)","Je Ji La E Syi To Ye <br>
Om, Ni Bi Ni Bi,<br>
Ni Ba Ye,<br>
Mo He Shr Li Ye,<br>
So Po He (12x)",,"Om, Suksma Vajra (3x)",,Mình phải ngồi nghĩ vài phút cái từ trường Chân Như nó chạy ra sao. Nhờ quán như vậy mà từ trường nghiệp chướng của mình thay đổi được.,,,Visualize the Torus.,,,"Om, Suksma Vajra (3x)","Now visualize the torus, going down from the top of the head and turn around. Let it transform your habitual energy.",,https://drive.google.com/file/d/1VCRvyGeM8mdbMNSrtYeT505zPJzT22Xe/view?usp=drive_link,https://drive.google.com/uc?export=download&id=1VCRvyGeM8mdbMNSrtYeT505zPJzT22Xe,https://drive.google.com/file/d/1U6pAtTRhW2RL-jFWTpkZYqlzXh7PXQ5V/view?usp=drive_link,https://drive.google.com/uc?export=download&id=1U6pAtTRhW2RL-jFWTpkZYqlzXh7PXQ5V,,,
42.5.4,42,5,4,0,3,42.05.04.00,            42.5.4 - Tu Liên Hoa Bồ Đề Tâm,B125,B,A,13,,,,,,,,,,,,,,,,,,X06,,,,B6,05,NA,Bạt Chiết La,Đắc Vô Y Vô Thượng,"nghĩa là chứng ngộ (Chân Tâm) tối cao, không còn nương tựa vào đâu nữa.",𑖡 - siddham letter na (u+115A1) copy and paste - Unicode® symbol,𑖡,,Vajra,,Tu Liên Hoa Bồ Đề Tâm,Quán tưởng tử trường để chuyển hóa từ trường nghiệp lực.,"Cầm Bạt Chiết La thẳng đứng bằng bàn tay Trái.<br>
Quán tưởng từ trường  chạy từ trên xuống và ra ngoài BBBN.",,"Chê Chi La, Ơ Si Tô Dê <br>
Om, Ni Bi Ni Bi, <br>
Ni Ba Dê, <br>
Mô Hô Shư Li Dê, <br>
Sô Pô Hô (12x)","Je Ji La E Syi To Ye <br>
Om, Ni Bi Ni Bi,<br>
Ni Ba Ye,<br>
Mo He Shr Li Ye,<br>
So Po He (12x)",,"Om, Suksma Vajra (3x)",,Mình phải ngồi nghĩ vài phút cái từ trường Chân Như nó chạy ra sao. Nhờ quán như vậy mà từ trường nghiệp chướng của mình thay đổi được.,,,Visualize the Torus.,,,"Om, Suksma Vajra (3x)","Now visualize the torus, going down from the top of the head and turn around. Let it transform your habitual energy.",,https://drive.google.com/file/d/1VCRvyGeM8mdbMNSrtYeT505zPJzT22Xe/view?usp=drive_link,https://drive.google.com/uc?export=download&id=1VCRvyGeM8mdbMNSrtYeT505zPJzT22Xe,https://drive.google.com/file/d/1U6pAtTRhW2RL-jFWTpkZYqlzXh7PXQ5V/view?usp=drive_link,https://drive.google.com/uc?export=download&id=1U6pAtTRhW2RL-jFWTpkZYqlzXh7PXQ5V,,,
42.6,42,6,0,0,2,42.06.00.00,"        42.6 - Liên Hoa Bồ Đề Tâm<br>
 CTT LA 𑖩 ở 4 Vị Trí",A041,L,A,1,,,,,,,,,X01,,,,,,,,,,,,,A1,06,LA,Kim Cang Chử,Ly Y Chỉ Vô Cấu,"nghĩa là rời mọi chỗ nương tựa, rời mọi cấu bẩn.",𑖩 - siddham letter la (u+115A9) copy and paste - Unicode® symbol,𑖩,,Vajra Pestle,,"Liên Hoa Bồ Đề Tâm<br>
 CTT LA 𑖩 ở 4 Vị Trí",,"Quán tưởng CTT LA 𑖩 ở 4 vị trí:<br>
Trước - Trái - Sau - Phải.  Trì chú ở 4 vị trí.",,"Sô La, Sô La<br>
Om, Qua Zư La Chư Ning, <br>
Bô La Ni Bô Đô Dê, <br>
Sô Pô Hô ","So La, So La
Om, Wa Dz La Jr Ning,
Bo La Ni Bo Do Ye,
So Po He",,,,,,,,,,,,,https://drive.google.com/file/d/1dQl059XaiEYRowFh684rYVWKPJPhAx-c/view?usp=drive_link,https://drive.google.com/uc?export=download&id=1dQl059XaiEYRowFh684rYVWKPJPhAx-c,https://drive.google.com/file/d/1XDD7lB45isk0JtVIZLMNgR9wC6gMfTrr/view?usp=drive_link,https://drive.google.com/uc?export=download&id=1XDD7lB45isk0JtVIZLMNgR9wC6gMfTrr,,,
42.6,42,6,0,0,2,42.06.00.00,        42.6 - Tu Nguyện Thành Tựu,B126,A,A,1,E06,E06,,,,E18,,,E12,E18,,E18,,,,,,,,,,,06,LA,Kim Cang Chử,Ly Y Chỉ Vô Cấu,"nghĩa là rời mọi chỗ nương tựa, rời mọi cấu bẩn.",𑖩 - siddham letter la (u+115A9) copy and paste - Unicode® symbol,𑖩,,Vajra Pestle,,Tu Nguyện Thành Tựu,,"Tay phải cầm Kim Cang Chử,<br>
Tay trái Kim Cang quyền<br>
Đức Phật nhìn vô thân.",,"Sô La, Sô La (5x) <br>
Om, Qua Zư La Chư Ning, <br>
Bô La Ni Bô Đô Dê, <br>
Sô Pô Hô (5x) ","So La, So La (5x) <br>
Om, Wa Dz La Jr Ning, <br>
Bo La Ni Bo Do Ye, <br>
So Po He (5x)",,"Om, Suksma Vajra (3x)","Tôi là cột trụ Quang Minh.  <br>
Nguyện thành tựu Bất Nhị Môn <br>
để chuyển hóa tất cả các sát nghiệp. <br>
 ",,,,,,,"Om, Suksma Vajra (3x)",,I am the column of light. I vow to realize the Door of Non-duality to transform all killing karma.,https://drive.google.com/file/d/1dQl059XaiEYRowFh684rYVWKPJPhAx-c/view?usp=drive_link,https://drive.google.com/uc?export=download&id=1dQl059XaiEYRowFh684rYVWKPJPhAx-c,https://drive.google.com/file/d/1XDD7lB45isk0JtVIZLMNgR9wC6gMfTrr/view?usp=drive_link,https://drive.google.com/uc?export=download&id=1XDD7lB45isk0JtVIZLMNgR9wC6gMfTrr,,,"For any of you who face difficulties right now, you should cultivate a little bit more because
this, energy of Suchness will transform your fear, your anxiety, your worries and specially all
the karmic and entanglements that you have. It helps to clear your mind, your body then you
can make the right decision, so it's a very good practice.
Các bác nào, specifically, khó khăn trong tâm thức của mình. Nhiều khi mình bị anxiety attack,
mình có nhiều sợ hãi, lo lắng, bồn chồn, khó khăn. Đang đối diện với nhiều chuyện mà mình
không biết mình phải làm gì, thì đó là nghiệp chướng hiện tiền. Với nghiệp chướng hiện tiền thì
cái hay nhất, mau nhất là lấy thời gian để trì chú Bạt Chiết La này. Mình ngồi quán từ trường
đó. Mình vừa quán vừa trì: Je Ji La E Syi To Ye -- Oṃ, Ni Bi, Ni Bi, Ni Ba Ye - Mo He Shr Li Ye
- So Po He thì cái mind của mình từ từ nó settle. Từ trường lan tỏa từ trên đi xuống thì tâm
mình từ từ lắng xuống. Lắng xuống rồi thì nghiệp chướng đang đeo đuổi mình bị đứt đoạn đi.
Những làn sóng nghiệp tới, nó ngừng lại. Ngừng lại thì mình clear ra, mình sẽ thấy con đường
đi của mình rõ hơn."
42.6,42,6,0,0,2,42.06.00.00,        42.6 - Tu Nguyện Thành Tựu,B127,B,A,1,,,,,,E19,,,E13,E19,,E19,,,,,,,,,,,06,LA,Kim Cang Chử,Ly Y Chỉ Vô Cấu,"nghĩa là rời mọi chỗ nương tựa, rời mọi cấu bẩn.",𑖩 - siddham letter la (u+115A9) copy and paste - Unicode® symbol,𑖩,,Vajra Pestle,,Tu Nguyện Thành Tựu,,"Tay trái cầm Kim Cang Chử.<br>
Tay phải Kim Cang quyền<br>
Đức Phật nhìn phía trước.",,"Sô La, Sô La (5x) <br>
Om, Qua Zư La Chư Ning, <br>
Bô La Ni Bô Đô Dê, <br>
Sô Pô Hô (5x) ","So La, So La (5x) <br>
Om, Wa Dz La Jr Ning, <br>
Bo La Ni Bo Do Ye, <br>
So Po He (5x)",,"Om, Suksma Vajra (3x)","Nguyện thành tựu con đường <br>
Xuất Tục, Nhập Thế, Ly Thế Gian, Nhập Pháp Giới, viên dung vô ngại.",,,,,,,"Om, Suksma Vajra (3x)",,"I vow to accomplish the path of Transcending Worldliness and Engaging with the World, leaving the World behind and Entering the Dharmadhatu.  May this path be perfect and unobstructed. ",https://drive.google.com/file/d/1dQl059XaiEYRowFh684rYVWKPJPhAx-c/view?usp=drive_link,https://drive.google.com/uc?export=download&id=1dQl059XaiEYRowFh684rYVWKPJPhAx-c,https://drive.google.com/file/d/1XDD7lB45isk0JtVIZLMNgR9wC6gMfTrr/view?usp=drive_link,https://drive.google.com/uc?export=download&id=1XDD7lB45isk0JtVIZLMNgR9wC6gMfTrr,,,
42.6,42,6,0,0,2,42.06.00.00,        42.6 - Tu Nguyện Thành Tựu,B128,B,A,1,,,,,,E20,,,,E20,,E20,,,,,,,,,,,06,LA,Kim Cang Chử,Ly Y Chỉ Vô Cấu,"nghĩa là rời mọi chỗ nương tựa, rời mọi cấu bẩn.",𑖩 - siddham letter la (u+115A9) copy and paste - Unicode® symbol,𑖩,,Vajra Pestle,,Tu Nguyện Thành Tựu,,Tay trái cầm Kim Cang Chử thẳng đứng và trì chú.<br>,,"Sô La, Sô La <br>
Om, Qua Zư La Chư Ning, <br>
Bô La Ni Bô Đô Dê, <br>
Sô Pô Hô (10x) ","So La, So La <br>
Om, Wa Dz La Jr Ning, <br>
Bo La Ni Bo Do Ye, <br>
So Po He (10x)","Tay phải xã ấn, đặt lòng bàn tay dưới Kim Cang Chử, và từ từ nâng lên qua đầu.","Om, Suksma Vajra (3x)",,,,,,,,"Om, Suksma Vajra (3x)",,,https://drive.google.com/file/d/1dQl059XaiEYRowFh684rYVWKPJPhAx-c/view?usp=drive_link,https://drive.google.com/uc?export=download&id=1dQl059XaiEYRowFh684rYVWKPJPhAx-c,https://drive.google.com/file/d/1XDD7lB45isk0JtVIZLMNgR9wC6gMfTrr/view?usp=drive_link,https://drive.google.com/uc?export=download&id=1XDD7lB45isk0JtVIZLMNgR9wC6gMfTrr,,,
42.7,42,7,0,0,2,42.07.00.00,        42.7 - Tu Nguyện Thành Tựu,B129,A,A,1,E07,E07,,,E04,,,,E30,E34,,E34,,,,,,,,,,,07,DA,Thí Vô Úy ,Bất Thối Chuyển Phương Tiện,nghĩa là được phương tiện (tiến đạo) không còn thối chuyển (trên đường giác ngộ).,𑖟 - siddham letter da (u+1159F) copy and paste - Unicode® symbol,𑖟,,Bestowing Fearlessness ,,Tu Nguyện Thành Tựu,"Tay Buông Đi, Mắt Thấy Tánh",Tay Vô Úy,,"Nô La Chin Chư Pan Chê La Dê (5x) <br>
Om, Zư La Nan Dê <br>
Hum Pan Cha (5x)","No La Jin Jr Pan Jye La Ye (5x) <br>
Om, Dz La Nan Ye <br>
Hum Pan Ja (5x)",,,"Tôi Vô úy
và nguyện thành tựu Thiền định Ba La Mật.",,,"Hand Letting Go, Eyes Seeing True Nature",Fearlessness Hand Position,,,,,I am fearless,https://drive.google.com/file/d/1s--EJFR7cBk1j4MDT-lAH-sIg8c141ML/view?usp=drive_link,https://drive.google.com/uc?export=download&id=1s--EJFR7cBk1j4MDT-lAH-sIg8c141ML,https://drive.google.com/file/d/10GcXK27WtkrFreeXMguTNhWoDP2LtPk-/view?usp=drive_link,https://drive.google.com/uc?export=download&id=10GcXK27WtkrFreeXMguTNhWoDP2LtPk-,,,
42.7,42,7,0,0,2,42.07.00.00,        42.7 - Tu bản thể Pháp Bảo,B130,A,A,2,,,,,E05,,,,E31,E35,,E35,,,,,,,,,,,07,DA,Thí Vô Úy,Bất Thối Chuyển Phương Tiện,nghĩa là được phương tiện (tiến đạo) không còn thối chuyển (trên đường giác ngộ).,𑖟 - siddham letter da (u+1159F) copy and paste - Unicode® symbol,𑖟,,Bestowing Fearlessness,,Tu bản thể Pháp Bảo,,Tay Tiếp Dẫn,,"Nô La Chin Chư Pan Chê La Dê (5x) <br>
Om, Zư La Nan Dê <br>
Hum Pan Cha (5x)","No La Jin Jr Pan Jye La Ye (5x) <br>
Om, Dz La Nan Ye <br>
Hum Pan Ja (5x)",,,Tôi mang niềm vui và sự lành trị tới mọi con tim.,,,,Guiding Hand Position,,,,,I bring joy and healing to every heart.,https://drive.google.com/file/d/1s--EJFR7cBk1j4MDT-lAH-sIg8c141ML/view?usp=drive_link,https://drive.google.com/uc?export=download&id=1s--EJFR7cBk1j4MDT-lAH-sIg8c141ML,https://drive.google.com/file/d/10GcXK27WtkrFreeXMguTNhWoDP2LtPk-/view?usp=drive_link,https://drive.google.com/uc?export=download&id=10GcXK27WtkrFreeXMguTNhWoDP2LtPk-,,,
42.7.4,42,7,4,0,3,42.07.04.00,            42.7.4 - Tu Liên Hoa Bồ Đề Tâm,A064,L,A,24,,,,,,,,,X24,,,,,,,,,,,,,,07,DA,Thí Vô Úy ,Bất Thối Chuyển Phương Tiện,nghĩa là được phương tiện (tiến đạo) không còn thối chuyển (trên đường giác ngộ).,𑖟 - siddham letter da (u+1159F) copy and paste - Unicode® symbol,𑖟,,Bestowing Fearlessness ,,Tu Liên Hoa Bồ Đề Tâm,,,,"Nô La Chin Chư Pan Chê La Dê<br>
Om, Zư La Nan Dê <br>
Hum Pan Cha","No La Jin Jr Pan Jye La Ye
Om, Dz La Nan Ye
Hum Pan Ja",,,,,,,,,,,,,https://drive.google.com/file/d/1s--EJFR7cBk1j4MDT-lAH-sIg8c141ML/view?usp=drive_link,https://drive.google.com/uc?export=download&id=1s--EJFR7cBk1j4MDT-lAH-sIg8c141ML,https://drive.google.com/file/d/10GcXK27WtkrFreeXMguTNhWoDP2LtPk-/view?usp=drive_link,https://drive.google.com/uc?export=download&id=10GcXK27WtkrFreeXMguTNhWoDP2LtPk-,,,
42.8,42,8,0,0,2,42.08.00.00,        42.8 - Tu Nguyện Thành Tựu,B131,A,A,1,E08,E08,,,E08,,,,E34,E38,E08,E38,,,,,,,,,,,08,BA,Nhật Tinh Mani,Kim Cang Trường,nghĩa là từ trường bất hoại (tức là sức mạnh của Chân Tâm).,𑖤 - siddham letter ba (u+115A4) copy and paste - Unicode® symbol,𑖤,,Sun Essence Mani ,,Tu Nguyện Thành Tựu,"Tay Gở Rối, Mắt Thấy Suốt","Ngón trỏ, ngón cái tay Trái, cầm Nhật Tinh Mani",,"Shư Fô La Dê (5x) <br>
Om, Đu Bi Cha Đê Đu Bi, <br>
Bô La Qua Li Ning, <br>
Sô Pô Hô (5x)","Shr Fo La Ye (5x) <br>
Om, Du Bi Jya Ye Du Bi, <br>
Bo La Wa Li Ning <br>
So Po He. (5x)",,,"Tôi là trí tuệ Bát Nhã, <br>
sự hiểu biết và trưởng thành <br>
để giải mở hết tất cả gút thắt.",,,"Hand Untying Knots, Eyes Seeing Through",Left index and thumb holding Sun Essence Mani,,,,,"I am the Prajna wisdom, the knowledge and maturity to untie all emotional knots.",https://drive.google.com/file/d/1HhKGBq4Y0qDAe5JtVZQj-ieDro4XGKmx/view?usp=drive_link,https://drive.google.com/uc?export=download&id=1HhKGBq4Y0qDAe5JtVZQj-ieDro4XGKmx,https://drive.google.com/file/d/1EAEONUW5SJ-zYRI_a4eQd-Nz9o_h2C8k/view?usp=drive_link,https://drive.google.com/uc?export=download&id=1EAEONUW5SJ-zYRI_a4eQd-Nz9o_h2C8k,,,
42.8,42,8,0,0,2,42.08.00.00,        42.8 - Nhật Quang Bồ Tát,B132,K,A,1,,,,,,,,,,,,,,,,,,,,,,,08,BA,Nhật Quang Bồ Tát,Kim Cang Trường,nghĩa là từ trường bất hoại (tức là sức mạnh của Chân Tâm).,𑖤 - siddham letter ba (u+115A4) copy and paste - Unicode® symbol,𑖤,,,,Nhật Quang Bồ Tát,,,,"Nam Mô Bô Tô Chu Nô Mi, <br>
Nam Mô Đa Mô Mô Hơ Đi, <br>
Nam Mô Shăng Chê Đô Dê Ni, <br>
Đi Li Bu Bi San Đô Dê Nam Mô.","Nam Mo Bo To Ju No Mi, <br>
Nam Mo Da Mo Mo Ho Di, <br>
Nam Mo Seng Chye Do Ye Ni, <br>
Di Li Bu Bi Sa Do Yen Na Mo.",,,"Xin chư Phật, chư Bồ Tát, chư vị Thánh Hiền, chư vị Giác Ngộ, chư Tổ Sư của dòng phái, ban bố cho con vô lượng vô biên: <br>
<br>
1. Ánh sáng của Trí Tuệ Bát Nhã, <br>
2. Ánh sáng của Trí Tuệ Phương Tiện <br>
3. Ánh sáng của Thiền Định, Tam Muội <br>
4. Ánh sáng của lòng Từ Bi Hỷ Xả <br>
5. và Năng lượng Lành Trị<br>
<br> 
để con có thể trở thành pháp khí và truyền lan ánh sáng vô biên này tới tâm thức của tất cả chúng sinh xung quanh con.",,,,,,,,,,https://drive.google.com/file/d/1HhKGBq4Y0qDAe5JtVZQj-ieDro4XGKmx/view?usp=drive_link,https://drive.google.com/uc?export=download&id=1HhKGBq4Y0qDAe5JtVZQj-ieDro4XGKmx,,,,,
42.8.4,42,8,4,0,3,42.08.04.00,            42.8.4 - Tu Liên Hoa Bồ Đề Tâm,A050,L,A,10,,,,,,,,,X10,,,,X10,X10,X10,X10,X10,,,,X10,E3,08,BA,Nhật Tinh Mani,Kim Cang Trường,nghĩa là từ trường bất hoại (tức là sức mạnh của Chân Tâm).,𑖤 - siddham letter ba (u+115A4) copy and paste - Unicode® symbol,𑖤,,Sun Essence Mani ,,Tu Liên Hoa Bồ Đề Tâm,"(0.0,0.0,2.0)(0.0, 0.0, 2.0)(0.0,0.0,2.0)",Quán tưởng CTT BA 𑖤 ở bên trên đỉnh đầu.,Top Outer,"Shư Fô La Dê<br>
Om, Đu Bi Cha Đê Đu Bi, <br>
Bô La Qua Li Ning, <br>
Sô Pô Hô","Shr Fo La Ye
Om, Du Bi Jya Ye Du Bi,
Bo La Wa Li Ning
So Po He.",,,,,,,,,,,,,https://drive.google.com/file/d/1HhKGBq4Y0qDAe5JtVZQj-ieDro4XGKmx/view?usp=drive_link,https://drive.google.com/uc?export=download&id=1HhKGBq4Y0qDAe5JtVZQj-ieDro4XGKmx,https://drive.google.com/file/d/1EAEONUW5SJ-zYRI_a4eQd-Nz9o_h2C8k/view?usp=drive_link,https://drive.google.com/uc?export=download&id=1EAEONUW5SJ-zYRI_a4eQd-Nz9o_h2C8k,,,
42.8.4,42,8,4,0,3,42.08.04.00,            42.8.4 - Tu Liên Hoa Bồ Đề Tâm,A055,L,A,15,,,,,,,,,X15,,,,X15,X15,X15,X15,X15,,,,X15,E6,08,BA,Nhật Tinh Mani,Kim Cang Trường,nghĩa là từ trường bất hoại (tức là sức mạnh của Chân Tâm).,𑖤 - siddham letter ba (u+115A4) copy and paste - Unicode® symbol,𑖤,,Sun Essence Mani,,Tu Liên Hoa Bồ Đề Tâm,"(0.0,−2.0,0.0)(0.0, -2.0, 0.0)(0.0,−2.0,0.0)",Quán tưởng CTT BA 𑖤 ở phía trước mặt 1 sải tay,Front Outer,"Shư Fô La Dê<br>
Om, Đu Bi Cha Đê Đu Bi, <br>
Bô La Qua Li Ning, <br>
Sô Pô Hô","Shr Fo La Ye
Om, Du Bi Jya Ye Du Bi,
Bo La Wa Li Ning
So Po He.",,,,,,,,,,,,,https://drive.google.com/file/d/1HhKGBq4Y0qDAe5JtVZQj-ieDro4XGKmx/view?usp=drive_link,https://drive.google.com/uc?export=download&id=1HhKGBq4Y0qDAe5JtVZQj-ieDro4XGKmx,https://drive.google.com/file/d/1EAEONUW5SJ-zYRI_a4eQd-Nz9o_h2C8k/view?usp=drive_link,https://drive.google.com/uc?export=download&id=1EAEONUW5SJ-zYRI_a4eQd-Nz9o_h2C8k,,,
42.8.4,42,8,4,0,3,42.08.04.00,            42.8.4 - Tu Liên Hoa Bồ Đề Tâm,A060,L,A,20,,,,,,,,,X20,,,,X20,X20,X20,X20,X20,,,,X20,E9,08,BA,Nhật Tinh Mani,Kim Cang Trường,nghĩa là từ trường bất hoại (tức là sức mạnh của Chân Tâm).,𑖤 - siddham letter ba (u+115A4) copy and paste - Unicode® symbol,𑖤,,Sun Essence Mani,,Tu Liên Hoa Bồ Đề Tâm,"(−2.0,0.0,0.0)(-2.0, 0.0, 0.0)(−2.0,0.0,0.0)",Quán tưởng CTT BA 𑖤 ở phía tay trái 1 sải tay.,Left Outer,"Shư Fô La Dê<br>
Om, Đu Bi Cha Đê Đu Bi, <br>
Bô La Qua Li Ning, <br>
Sô Pô Hô","Shr Fo La Ye
Om, Du Bi Jya Ye Du Bi,
Bo La Wa Li Ning
So Po He.",,,,,,,,,,,,,https://drive.google.com/file/d/1HhKGBq4Y0qDAe5JtVZQj-ieDro4XGKmx/view?usp=drive_link,https://drive.google.com/uc?export=download&id=1HhKGBq4Y0qDAe5JtVZQj-ieDro4XGKmx,https://drive.google.com/file/d/1EAEONUW5SJ-zYRI_a4eQd-Nz9o_h2C8k/view?usp=drive_link,https://drive.google.com/uc?export=download&id=1EAEONUW5SJ-zYRI_a4eQd-Nz9o_h2C8k,,,
42.8.4,42,8,4,0,3,42.08.04.00,            42.8.4 - Tu Liên Hoa Bồ Đề Tâm,A066,L,A,26,,,,,,,,,X26,,,,,,,,,,,,,,08,BA,Nhật Tinh Mani,Kim Cang Trường,nghĩa là từ trường bất hoại (tức là sức mạnh của Chân Tâm).,𑖤 - siddham letter ba (u+115A4) copy and paste - Unicode® symbol,𑖤,,Sun Essence Mani,,Tu Liên Hoa Bồ Đề Tâm,,,,"Shư Fô La Dê<br>
Om, Đu Bi Cha Đê Đu Bi, <br>
Bô La Qua Li Ning, <br>
Sô Pô Hô","Shr Fo La Ye
Om, Du Bi Jya Ye Du Bi,
Bo La Wa Li Ning
So Po He.",,,,,,,,,,,,,https://drive.google.com/file/d/1HhKGBq4Y0qDAe5JtVZQj-ieDro4XGKmx/view?usp=drive_link,https://drive.google.com/uc?export=download&id=1HhKGBq4Y0qDAe5JtVZQj-ieDro4XGKmx,https://drive.google.com/file/d/1EAEONUW5SJ-zYRI_a4eQd-Nz9o_h2C8k/view?usp=drive_link,https://drive.google.com/uc?export=download&id=1EAEONUW5SJ-zYRI_a4eQd-Nz9o_h2C8k,,,
42.9,42,9,0,0,2,42.09.00.00,        42.9 - Tu Nguyện Thành Tựu,B133,A,A,1,E09,E09,,,E09,,,,E35,E39,E09,E39,,,,,,,,,,,09,ḌA (DDA),Nguyệt Tinh Mani,Phổ Luân,nghĩa là những phạm trù toàn diện (của trí huệ siêu việt).,𑖚 - siddham letter dda (u+1159A) copy and paste - Unicode® symbol,𑖚,,Moon Essence Mani,,Tu Nguyện Thành Tựu,"Tay Nhấc Bổng, Mắt Tha Thứ","Ngón trỏ, ngón cái tay Phải, cầm Nguyệt Tinh Mani",,"Đu Lu Đu Lu (5x) <br>
Om, Su Si Đi Cha Li, <br>
Sô Pô Hô (5x)","Du Lu Du Lu (5x) <br>
Om, Su Syi Di Jya Li <br>
So Po He (5x)",,,"Tôi nhấc bổng và chuyển hóa tất cả chúng sinh hữu duyên, <br>
và nguyện thành tựu Nhẫn Nhục Ba La Mật.",,,"Hand Uplifting, Eyes Forgiving",RIght index and thumb holding Moon Essence Mani,,,,,I uplift and transform all living beings.,https://drive.google.com/file/d/1utpVoXHKa6jliscMgvNXNYzmFSOoTWyW/view?usp=drive_link,https://drive.google.com/uc?export=download&id=1utpVoXHKa6jliscMgvNXNYzmFSOoTWyW,https://drive.google.com/file/d/13Q3H1Wf3Phmu6e45MLnSHpeFYUuMS241/view?usp=drive_link,https://drive.google.com/uc?export=download&id=13Q3H1Wf3Phmu6e45MLnSHpeFYUuMS241,,,
42.9,42,9,0,0,2,42.09.00.00,        42.9 - Nguyệt Quang Bồ Tát,B134,K,A,1,,,,,,,,,,,,,,,,,,,,,,,09,ḌA (DDA),Nguyệt Quang Bồ Tát,Phổ Luân,nghĩa là những phạm trù toàn diện (của trí huệ siêu việt).,𑖚 - siddham letter dda (u+1159A) copy and paste - Unicode® symbol,𑖚,,,,Nguyệt Quang Bồ Tát,,,,"Shen Đi Đi...Tu Shu Cha, <br>
Ơ Rơ Mi Đi...Wu Đu Cha, <br>
Shen Chi Cha...Bô La Đi, <br>
Dê Mi Rơ Cha...Wu Đu Cha, <br>
Chư Lô Đi Cha...Chi Mô Cha, <br>
Sô Pô Hô","Shen Di Di---Tu Shu Ja, <br>
E Re Mi Di---Wu Du Ja, <br>
Shen Chi Ja---Bo La Di, <br>
Ye Mi Re Ja---Wu Du Ja, <br>
Jyu Lo Di Ja---Chi Mo Ja, <br>
So Po Ho",,,"Xin chư Phật, chư Bồ Tát, chư vị Thánh Hiền, chư vị Giác Ngộ, chư vị Tổ Sư của dòng phái, ban bố cho con sức mạnh hấp thu:<br>
<br>
1. tất cả những tâm thức hữu lậu<br>
2. tất cả những tập khí, thói quen, tật xấu từ vô lượng kiếp cho đến nay<br>
3. tất cả những bóng tối và điểm mù<br>
<br>
và cho con có khả năng chuyển hóa, mọi chấp kẹt vào bóng tối, nghiệp lực, nghiệp chướng và nghiệp ác của mình, của người, và tất cả chúng sinh xung quanh con.",,,,,,,,,,https://drive.google.com/file/d/1utpVoXHKa6jliscMgvNXNYzmFSOoTWyW/view?usp=drive_link,https://drive.google.com/uc?export=download&id=1utpVoXHKa6jliscMgvNXNYzmFSOoTWyW,,,,,
42.9.4,42,9,4,0,3,42.09.04.00,            42.9.4 - Tu Liên Hoa Bồ Đề Tâm,A046,L,A,6,,,,,,,,,X06,,,,X06,X06,X06,X06,X06,,,,X06,E1,09,ḌA (DDA),Nguyệt Tinh Mani,Phổ Luân,nghĩa là những phạm trù toàn diện (của trí huệ siêu việt).,𑖚 - siddham letter dda (u+1159A) copy and paste - Unicode® symbol,𑖚,,Moon Essence Mani,,Tu Liên Hoa Bồ Đề Tâm,"(0.0,0.0,−2.0)(0.0, 0.0, -2.0)(0.0,0.0,−2.0)","Quán tưởng CTT ḌA 𑖚 ở phía dưới mặt đất, dưới chổ ngồi.",Bottom Outer,"Đu Lu Đu Lu <br>
Om, Su Si Đi Cha Li, <br>
Sô Pô Hô","Du Lu Du Lu
Om, Su Syi Di Jya Li
So Po He",,,,,,,,,,,,,https://drive.google.com/file/d/1utpVoXHKa6jliscMgvNXNYzmFSOoTWyW/view?usp=drive_link,https://drive.google.com/uc?export=download&id=1utpVoXHKa6jliscMgvNXNYzmFSOoTWyW,https://drive.google.com/file/d/13Q3H1Wf3Phmu6e45MLnSHpeFYUuMS241/view?usp=drive_link,https://drive.google.com/uc?export=download&id=13Q3H1Wf3Phmu6e45MLnSHpeFYUuMS241,,,
42.9.4,42,9,4,0,3,42.09.04.00,            42.9.4 - Tu Liên Hoa Bồ Đề Tâm,A051,L,A,11,,,,,,,,,X11,,,,X11,X11,X11,X11,X11,,,,X11,E4,09,ḌA (DDA),Nguyệt Tinh Mani,Phổ Luân,nghĩa là những phạm trù toàn diện (của trí huệ siêu việt).,𑖚 - siddham letter dda (u+1159A) copy and paste - Unicode® symbol,𑖚,,Moon Essence Mani,,Tu Liên Hoa Bồ Đề Tâm,"(0.0,2.0,0.0)(0.0, 2.0, 0.0)(0.0,2.0,0.0)",Quán tưởng CTT ḌA 𑖚 ở phía sau lưng 1 sải tay,Back Outer,"Đu Lu Đu Lu <br>
Om, Su Si Đi Cha Li, <br>
Sô Pô Hô","Du Lu Du Lu
Om, Su Syi Di Jya Li
So Po He",,,,,,,,,,,,,https://drive.google.com/file/d/1utpVoXHKa6jliscMgvNXNYzmFSOoTWyW/view?usp=drive_link,https://drive.google.com/uc?export=download&id=1utpVoXHKa6jliscMgvNXNYzmFSOoTWyW,https://drive.google.com/file/d/13Q3H1Wf3Phmu6e45MLnSHpeFYUuMS241/view?usp=drive_link,https://drive.google.com/uc?export=download&id=13Q3H1Wf3Phmu6e45MLnSHpeFYUuMS241,,,
42.9.4,42,9,4,0,3,42.09.04.00,            42.9.4 - Tu Liên Hoa Bồ Đề Tâm,A056,L,A,16,,,,,,,,,X16,,,,X16,X16,X16,X16,X16,,,,X16,E7,09,ḌA (DDA),Nguyệt Tinh Mani,Phổ Luân,nghĩa là những phạm trù toàn diện (của trí huệ siêu việt).,𑖚 - siddham letter dda (u+1159A) copy and paste - Unicode® symbol,𑖚,,Moon Essence Mani,,Tu Liên Hoa Bồ Đề Tâm,"(2.0,0.0,0.0)(2.0, 0.0, 0.0)(2.0,0.0,0.0)",Quán tưởng CTT ḌA 𑖚 ở phía bên phải 1 sải tay,Right Outer,"Đu Lu Đu Lu <br>
Om, Su Si Đi Cha Li, <br>
Sô Pô Hô","Du Lu Du Lu
Om, Su Syi Di Jya Li
So Po He",,,,,,,,,,,,,https://drive.google.com/file/d/1utpVoXHKa6jliscMgvNXNYzmFSOoTWyW/view?usp=drive_link,https://drive.google.com/uc?export=download&id=1utpVoXHKa6jliscMgvNXNYzmFSOoTWyW,https://drive.google.com/file/d/13Q3H1Wf3Phmu6e45MLnSHpeFYUuMS241/view?usp=drive_link,https://drive.google.com/uc?export=download&id=13Q3H1Wf3Phmu6e45MLnSHpeFYUuMS241,,,
42.9.4,42,9,4,0,3,42.09.04.00,            42.9.4 - Tu Liên Hoa Bồ Đề Tâm,A067,L,A,27,,,,,,,,,X27,,,,,,,,,,,,,,09,ḌA (DDA),Nguyệt Tinh Mani,Phổ Luân,nghĩa là những phạm trù toàn diện (của trí huệ siêu việt).,𑖚 - siddham letter dda (u+1159A) copy and paste - Unicode® symbol,𑖚,,Moon Essence Mani,,Tu Liên Hoa Bồ Đề Tâm,,,,"Đu Lu Đu Lu <br>
Om, Su Si Đi Cha Li, <br>
Sô Pô Hô","Du Lu Du Lu
Om, Su Syi Di Jya Li
So Po He",,,,,,,,,,,,,https://drive.google.com/file/d/1utpVoXHKa6jliscMgvNXNYzmFSOoTWyW/view?usp=drive_link,https://drive.google.com/uc?export=download&id=1utpVoXHKa6jliscMgvNXNYzmFSOoTWyW,https://drive.google.com/file/d/13Q3H1Wf3Phmu6e45MLnSHpeFYUuMS241/view?usp=drive_link,https://drive.google.com/uc?export=download&id=13Q3H1Wf3Phmu6e45MLnSHpeFYUuMS241,,,
42.10,42,10,0,0,2,42.10.00.00,        42.10 - Tu Nguyện Thành Tựu,B135,A,A,1,E10,E10,,,,,,,E14,E21,,E21,,,,,,,,,,C1,10,ṢA (SSA),Bảo Cung,Hải Tạng,nghĩa là kho tàng (Chân Như) rộng như biển cả.,𑖬 - siddham letter ssa (u+115AC) copy and paste - Unicode® symbol,𑖬,,Jewel Bow,,Tu Nguyện Thành Tựu,,Hai Tay cầm Bảo Cung,,"Pha Sha Pha Shen (5x) <br>
Om, Ơ Zô Quay Li <br>
Sô Pô Hô (5x)","Fa Sha Fa Shen (5x) <br>
Om, E Dzo Wei Li <br>
So Po He. (5x)",,"Om, Suksma Vajra (3x)",Nguyện thành tựu tiềm năng vô biên của Bồ Đề Tâm.,,,,,,,"Om, Suksma Vajra (3x)",,I vow to realize the measureless potential of the Bodhi Mind. ,https://drive.google.com/file/d/1h7Hwr6HJ0DA-DMrrXUTAGAxcjHeV381q/view?usp=drive_link,https://drive.google.com/uc?export=download&id=1h7Hwr6HJ0DA-DMrrXUTAGAxcjHeV381q,https://drive.google.com/file/d/1ztJXpa3DnoeWdV9jmT9tUaHPTqpRsahn/view?usp=drive_link,https://drive.google.com/uc?export=download&id=1ztJXpa3DnoeWdV9jmT9tUaHPTqpRsahn,,,
42.11,42,11,0,0,2,42.11.00.00,        42.11 - Tu Nguyện Thành Tựu,B137,A,A,1,E11,E11,,,,,,,E15,E22,,E22,,,,,,,,,,C2,11,VA,Bảo Tiễn,Phổ Sinh An Trụ Môn,"nghĩa là khiến (tâm vị tha, tâm vô ngā, tâm bất nhị) an trụ khắp mọi nơi.",𑖪 - siddham letter va (u+115AA) copy and paste - Unicode® symbol,𑖪,,Jewel Arrow,,Tu Nguyện Thành Tựu,,Tay cầm mũi tên,,"Pơ Dê Mô Nô (5x) <br>
Om, Chê Nô La, <br>
Sô Pô Hô (5x)","Pe Ye Mo No (5x) <br>
Om, Jye No La, <br>
So Po He. (5x)",,"Om, Suksma Vajra (3x)",Nguyện thành tựu sứ mạng triển khai Thập Hạnh Phổ Hiền.,"Quán tưởng 6 đường xoắn trôn đi ra từ tâm Oa, xoắn theo đường ngược kim đồng hồ. Lập tức từ Tâm Oa lan tỏa ra 6 đường xoắn trôn làm cho sự thu tập của con ",,,Hand holding the Jewel Arrow,,,"Om, Suksma Vajra (3x)",,I vow to realize the mission of unfolding the 10 vows of Samanthabhadra. ,https://drive.google.com/file/d/1t43hXKb79CmWkx7f4JiIRTxBpAXmtt54/view?usp=drive_link,https://drive.google.com/uc?export=download&id=1t43hXKb79CmWkx7f4JiIRTxBpAXmtt54,https://drive.google.com/file/d/1wKIboqxOjFIknOWCBlvAvx5AMD7JATEs/view?usp=drive_link,https://drive.google.com/uc?export=download&id=1wKIboqxOjFIknOWCBlvAvx5AMD7JATEs,,,
42.11,42,11,0,0,2,42.11.00.00,        42.11 - Tu Nguyện Thành Tựu,B136,B,A,1,,,E07,,,,,,,,,,,,,,,,,,,,11,VA,Liên Hoa Tứ Hợp,Phổ Sinh An Trụ,"nghĩa là khiến (tâm vị tha, tâm vô ngā, tâm bất nhị) an trụ khắp mọi nơi.",𑖪 - siddham letter va (u+115AA) copy and paste - Unicode® symbol,𑖪,,Integral Lotus,,Tu Nguyện Thành Tựu,,Tay  Hoa Sen,,"Om, Xiên Đan Đô <br>
Man Đô La, <br>
Ba Tô Dê, <br>
Sô Pô Hô (5x)","Om, Syin Dian Do <br>
Man Do La, <br>
 Ba To Ye <br>
So Po He (5x)",,"Om, Suksma Vajra (3x)","Nguyện thành tựu viên mãn tứ liên hoa, <br>
Chuyển hóa tất cả hư vọng và nợ nần, <br>
Khai mở lòng đại từ, đại bi, đại hỉ, đại xả.",,,,Lotus Hand Position,,,"Om, Suksma Vajra (3x)",,,https://drive.google.com/file/d/1t43hXKb79CmWkx7f4JiIRTxBpAXmtt54/view?usp=drive_link,https://drive.google.com/uc?export=download&id=1t43hXKb79CmWkx7f4JiIRTxBpAXmtt54,https://drive.google.com/file/d/1BNCs6RkxCboEFAY_yeO9RkbVu26GHx9t/view?usp=drive_link,https://drive.google.com/uc?export=download&id=1BNCs6RkxCboEFAY_yeO9RkbVu26GHx9t,,,
42.11.4,42,11,4,0,3,42.11.04.00,            42.11.4 - Tu Liên Hoa Bồ Đề Tâm,A061,L,A,21,,,,,,,,,X21,,,,,,,,,,,,,F7,00,VA,Liên Hoa Tứ Hợp,Phổ Sinh An Trụ,"nghĩa là khiến (tâm vị tha, tâm vô ngā, tâm bất nhị) an trụ khắp mọi nơi.",𑖪 - siddham letter va (u+115AA) copy and paste - Unicode® symbol,𑖪,,Integral Lotus,,Tu Liên Hoa Bồ Đề Tâm,,Quán tưởng CTT VA 𑖪 ở phía trên đỉnh đầu.,,"Om, Xiên Đan Đô <br>
Man Đô La, <br>
Ba Tô Dê, <br>
Sô Pô Hô","Om, Syin Dian Do
Man Do La,
 Ba To Ye
So Po He",,,,,,,,,,,,,https://drive.google.com/file/d/1t43hXKb79CmWkx7f4JiIRTxBpAXmtt54/view?usp=drive_link,https://drive.google.com/uc?export=download&id=1t43hXKb79CmWkx7f4JiIRTxBpAXmtt54,https://drive.google.com/file/d/1BNCs6RkxCboEFAY_yeO9RkbVu26GHx9t/view?usp=drive_link,https://drive.google.com/uc?export=download&id=1BNCs6RkxCboEFAY_yeO9RkbVu26GHx9t,,,
42.12,42,12,0,0,2,42.12.00.00,        42.12 - Tu Nguyện Thành Tựu,B138,A,A,1,E12,E12,,,,,,,F06,,,,,,,,,,,,,,12,TA,Dương Chi,Viên Mãn Quang,nghĩa là quang minh (từ Chân Tâm thì) viên mãn.,𑖝 - siddham letter ta (u+1159D) copy and paste - Unicode® symbol,𑖝,,Dương Chi Thủ Nhãn,,Tu Nguyện Thành Tựu,,,,"Mu Đi Li (5x) <br>
Om, Su Si Đi, Cha Li Qua Li <br>
Đô Nan Đô, Mu Đô Di <br>
Qua Zư La, Qua Zư La <br>
Pan Tô, Hơ Nang Hơ Nang, <br>
Hum Pan Cha. (5x)","Mu Di Li (5x) <br>
Om, Su Syi Di, Jya Li Wali <br>
Do Nan Do, Mu Do Yi <br>
Wa Dz La, Wa Dz La <br>
Pan To, He Nang He Nang <br>
Hum Pan Ja. (5x)",,"Om, Suksma Vajra (3x)","Nguyện thành tựu sức mạnh đại từ lực để chuyển hóa 5 thứ tâm lượng: <br>
<br>
1. Tâm sân hận <br>
2. Tâm lẫy hờn <br>
3. Tâm oán hận <br>
4. Tâm ích kỷ, nhỏ nhen <br>
5. Tâm ác độc, tổn hại chúng sinh <br>
 <br>
Nguyện thành tựu Mao Quang Chiếu Ích Tam Muội
",,,,,,,"Om, Suksma Vajra (3x)",,,https://drive.google.com/file/d/1-d_C2m5dF0jA2fun4KNsFh9kMgU8D5hf/view?usp=drive_link,https://drive.google.com/uc?export=download&id=1-d_C2m5dF0jA2fun4KNsFh9kMgU8D5hf,https://drive.google.com/file/d/1kWBR2PtzWKEee6KOgIlO7wuNV191FrBX/view?usp=drive_link,https://drive.google.com/uc?export=download&id=1kWBR2PtzWKEee6KOgIlO7wuNV191FrBX,,,
42.13,42,13,0,0,2,42.13.00.00,        42.13 - Tu Nguyện Thành Tựu,B139,A,A,1,E13,E22,E01,,,,,,E16,E23,E06,E23,,,,,,,,,,,13,YA,Bảo Tráp,Sai Biệt Tích Tụ ,nghĩa là tích tụ (vô số công đức) khác nhau.,𑖧 - siddham letter ya (u+115A7) copy and paste - Unicode® symbol,𑖧,,Jewel Chest,,Tu Nguyện Thành Tựu,,"Tay Trái cầm hộp.
Tay Phải cầm nắp.",,"Si Tô Du Di, Shư Pan La Dê (5x) <br>
Om, Qua Zư La, <br>
Bô Shư Chê Li, <br>
Chê Nang Sin La Hum (5x)","Syi To Yu Yi, Shr Pan La Ye (5x) <br>
Om, Wa Dz La, <br>
Bo Shr Jye Li, <br>
Jye Nang Syin La Hum (5x)",,"Om, Suksma Vajra (3x)","Nguyện thành tựu Vô Tận Công Đức Tạng, <br>
Khai mở bản tánh chân thật và niềm tin vô lậu.",,,,"Left hand holding the Jewel Chest.
Right hand holding the lid.",,,"Om, Suksma Vajra (3x)",,I vow to accomplish the Inexhaustible Treasure of Goodness.,https://drive.google.com/file/d/12yD-Vj5sSezqlRsyC8mXf0CzxZRjIxEh/view?usp=drive_link,https://drive.google.com/uc?export=download&id=12yD-Vj5sSezqlRsyC8mXf0CzxZRjIxEh,https://drive.google.com/file/d/1vlRkV1QV1z5jV3kHwtAFCtlBWHhi9mVC/view?usp=drive_link,https://drive.google.com/uc?export=download&id=1vlRkV1QV1z5jV3kHwtAFCtlBWHhi9mVC,,,
42.13,42,13,0,0,2,42.13.00.00,        42.13 - Chuyển hóa Pháp Bảo thành Tâm Bảo,B140,A,B,1,,,,,,,,,,,,,,,,,,,,,,,13,YA,Bảo Tráp,Sai Biệt Tích Tụ ,nghĩa là tích tụ (vô số công đức) khác nhau.,𑖧 - siddham letter ya (u+115A7) copy and paste - Unicode® symbol,𑖧,,Jewel Chest,,Chuyển hóa Pháp Bảo thành Tâm Bảo,Tu Pháp Bảo thành Thần Bảo (Tác Dụng),"Tay Trái cầm hộp.
Tay Phải cầm nắp.",,"Si Tô Du Di, Shư Pan La Dê (5x) <br>
Om, Qua Zư La, <br>
Bô Shư Chê Li, <br>
Chê Nang Sin La Hum (5x)","Syi To Yu Yi, Shr Pan La Ye (5x) <br>
Om, Wa Dz La, <br>
Bo Shr Jye Li, <br>
Jye Nang Syin La Hum (5x)",,"Om, Tistha Vajra (3x)",Tôi đang biến cái Bảo Tráp này thành Mảnh Đất Thiện Căn trong tâm.,,,,"Left hand holding the Jewel Chest.
Right hand holding the lid.",,,"Om, Tistha Vajra (3x)",,I am transforming this Jewel Chest into the Ground of Goodness.,https://drive.google.com/file/d/12yD-Vj5sSezqlRsyC8mXf0CzxZRjIxEh/view?usp=drive_link,https://drive.google.com/uc?export=download&id=12yD-Vj5sSezqlRsyC8mXf0CzxZRjIxEh,https://drive.google.com/file/d/1vlRkV1QV1z5jV3kHwtAFCtlBWHhi9mVC/view?usp=drive_link,https://drive.google.com/uc?export=download&id=1vlRkV1QV1z5jV3kHwtAFCtlBWHhi9mVC,,,
42.13.4,42,13,4,0,3,42.13.04.00,            42.13.4 - Tu Liên Hoa Bồ Đề Tâm,A047,L,A,7,,,,,,,,,X07,,,,X07,,,X07,X07,,,,X07,F1,13,YA,Bảo Tráp,Sai Biệt Tích Tụ ,nghĩa là tích tụ (vô số công đức) khác nhau.,𑖧 - siddham letter ya (u+115A7) copy and paste - Unicode® symbol,𑖧,,Jewel Chest,,Tu Liên Hoa Bồ Đề Tâm,"(0.0,0.0,−1.0)(0.0, 0.0, -1.0)(0.0,0.0,−1.0)",Quán tưởng CTT YA 𑖧 ngay dưới chổ ngồi.,Bottom Inner,"Si Tô Du Di, Shư Pan La Dê <br>
Om, Qua Zư La, <br>
Bô Shư Chê Li, <br>
Chê Nang Sin La Hum","Syi To Yu Yi, Shr Pan La Ye
Om, Wa Dz La,
Bo Shr Jye Li,
Jye Nang Syin La Hum",Root Chakra,,,,,,,,,,,,https://drive.google.com/file/d/12yD-Vj5sSezqlRsyC8mXf0CzxZRjIxEh/view?usp=drive_link,https://drive.google.com/uc?export=download&id=12yD-Vj5sSezqlRsyC8mXf0CzxZRjIxEh,https://drive.google.com/file/d/1vlRkV1QV1z5jV3kHwtAFCtlBWHhi9mVC/view?usp=drive_link,https://drive.google.com/uc?export=download&id=1vlRkV1QV1z5jV3kHwtAFCtlBWHhi9mVC,,,
42.14,42,14,0,0,2,42.14.00.00,        42.14 - Tu Nguyện Thành Tựu,B141,A,A,1,E14,E14,,,,,,,E18,E25,,E25,,,,,,,,,,,14,ṢṬA (SSTTA),Tịnh Bình,"Phổ Quang Minh, Tức Phiền Não",nghĩa là khi (Chân Tâm) phóng quang minh thì mọi phiền não ngưng bặt.,𑖧 - siddham letter ya (u+115A7) copy and paste - Unicode® symbol,𑖬𑖿𑖘,,Jewel Vase,,Tu Nguyện Thành Tựu,,Tay Trái cầm Bảo Bình,,"Nô La Chin Chư (5x) <br>
Om, Chê Li San Man Den, <br>
Sô Pô Hô (5x)","No La Jin Jr (5x) <br>
Om, Jye Li San Man Yen, <br>
So Po He (5x)",,"Om, Suksma Vajra (3x)","Tôi là trí huệ Hàm Dung. <br>
Nguyện thành tựu chuyển hóa <br>
A-Lại-Da Thức thành Bạch Tịnh Thức.
",,,,Left hand holding the Jewel Vase,,,"Om, Suksma Vajra (3x)",,,https://drive.google.com/file/d/1kWJbF4B7E9RoY4O9FFMiTHGzMQXfxjyQ/view?usp=drive_link,https://drive.google.com/uc?export=download&id=1kWJbF4B7E9RoY4O9FFMiTHGzMQXfxjyQ,https://drive.google.com/file/d/1tlX2mAvCa41TQelnkSA0hjTtg7PVJqnv/view?usp=drive_link,https://drive.google.com/uc?export=download&id=1tlX2mAvCa41TQelnkSA0hjTtg7PVJqnv,,,
42.14,42,14,0,0,2,42.14.00.00,        42.14 - Tu Nguyện Thành Tựu,B142,B,A,1,,,,,,,,,E17,E24,,E24,,,,,,,,,,,14,ṢṬA (SSTTA),Hồ Lô,"Phổ Quang Minh, Tức Phiền Não",nghĩa là khi (Chân Tâm) phóng quang minh thì mọi phiền não ngưng bặt.,𑖧 - siddham letter ya (u+115A7) copy and paste - Unicode® symbol,𑖬𑖿𑖘,,Jewel Gourd,,Tu Nguyện Thành Tựu,,"Tay Phải cầm Hồ Lô, nấp mở ra.",,"Nô La Chin Chư (5x) <br>
Om, Chê Li San Man Den, <br>
Sô Pô Hô (5x)","No La Jin Jr (5x) <br>
Om, Jye Li San Man Yen, <br>
So Po He (5x)",,"Om, Suksma Vajra (3x)","Nguyện thành tựu chuyển hóa <br>
A-Lại-Da Thức thành Đại Viên Kính Trí và <br>
Mạc-Na-Thức thành Bình Đẳng Tánh Trí.",,,,"Right hand holding the Jewel Gourd, lid opens.",,,"Om, Suksma Vajra (3x)",,,https://drive.google.com/file/d/1kWJbF4B7E9RoY4O9FFMiTHGzMQXfxjyQ/view?usp=drive_link,https://drive.google.com/uc?export=download&id=1kWJbF4B7E9RoY4O9FFMiTHGzMQXfxjyQ,https://drive.google.com/file/d/16fxiZjJKzr7SDWr1l00AUllJ8YDfqT2I/view?usp=drive_link,https://drive.google.com/uc?export=download&id=16fxiZjJKzr7SDWr1l00AUllJ8YDfqT2I,,,
42.14.4,42,14,4,0,3,42.14.04.00,            42.14.4 - Tu Nguyện Thành Tựu,B141,A,A,1,E14,E14,,,,,,,E18,E25,,E25,,,,,,,,,,G2,14,ṢṬA (SSTTA),Tịnh Bình,"Phổ Quang Minh, Tức Phiền Não",nghĩa là khi (Chân Tâm) phóng quang minh thì mọi phiền não ngưng bặt.,𑖧 - siddham letter ya (u+115A7) copy and paste - Unicode® symbol,𑖬𑖿𑖘,,Jewel Vase,,Tu Nguyện Thành Tựu,,Tay Trái cầm Bảo Bình,,"Nô La Chin Chư (5x) <br>
Om, Chê Li San Man Den, <br>
Sô Pô Hô (5x)","No La Jin Jr (5x) <br>
Om, Jye Li San Man Yen, <br>
So Po He (5x)",,"Om, Suksma Vajra (3x)","Tôi là trí huệ Hàm Dung. <br>
Nguyện thành tựu chuyển hóa <br>
A-Lại-Da Thức thành Bạch Tịnh Thức.
",,,,Left hand holding the Jewel Vase,,,"Om, Suksma Vajra (3x)",,,https://drive.google.com/file/d/1kWJbF4B7E9RoY4O9FFMiTHGzMQXfxjyQ/view?usp=drive_link,https://drive.google.com/uc?export=download&id=1kWJbF4B7E9RoY4O9FFMiTHGzMQXfxjyQ,https://drive.google.com/file/d/1tlX2mAvCa41TQelnkSA0hjTtg7PVJqnv/view?usp=drive_link,https://drive.google.com/uc?export=download&id=1tlX2mAvCa41TQelnkSA0hjTtg7PVJqnv,,,
42.15,42,15,0,0,2,42.15.00.00,        42.15 - Tu Nguyện Thành Tựu,B143,A,A,1,E15,E23,,,,,,,E20,,,,,,,,,,,,,,15,KA,Ngũ Sắc Vân,Vô Sai Biệt Vân,nghĩa là mây (đại từ) trùm phủ không sai biệt.,𑖎 - siddham letter ka (u+1158E) copy and paste - Unicode® symbol,𑖎,,Five-Coloured Cloud,,Tu Nguyện Thành Tựu,,,,"Mô Si Mô Si (5x) <br>
Om, Qua Zư La, <br>
Chê Chi La, <br>
Cha Sin Cha (5x)","Mo Syi Mo Syi (5x) <br>
Om, Wa Dz La <br>
Je Ji La <br>
Ja Syin Ja (5x)",,"Om, Suksma Vajra (3x)","Nguyện thành tựu tất cả các pháp Tiên Đạo. <br>
tức là thành tựu Thập Trụ, Thập Hạnh, Thập Hồi Hướng.",,,,,,,"Om, Suksma Vajra (3x)",,,https://drive.google.com/file/d/19b0Qal3nV3IHG6Jow7dvRng0zjqgXhXl/view?usp=drive_link,https://drive.google.com/uc?export=download&id=19b0Qal3nV3IHG6Jow7dvRng0zjqgXhXl,https://drive.google.com/file/d/1GUvA6yrVkeBaX6f42xCkyTDJmbMHGqnf/view?usp=drive_link,https://drive.google.com/uc?export=download&id=1GUvA6yrVkeBaX6f42xCkyTDJmbMHGqnf,,,
42.15,42,15,0,0,2,42.15.00.00,        42.15 - Tu bản thể Pháp Bảo,B144,A,A,2,,,,,,,,,F05,E27,,E27,,,,,,,,,,,15,KA,Ngũ Sắc Vân,Vô Sai Biệt Vân,nghĩa là mây (đại từ) trùm phủ không sai biệt.,𑖎 - siddham letter ka (u+1158E) copy and paste - Unicode® symbol,𑖎,,Five-Coloured Cloud,,Tu bản thể Pháp Bảo,,Pháp Địa Vân,,"Mô Si Mô Si (5x) <br>
Om, Qua Zư La, <br>
Chê Chi La, <br>
Cha Sin Cha (5x)","Mo Syi Mo Syi (5x) <br>
Om, Wa Dz La <br>
Je Ji La <br>
Ja Syin Ja (5x)",,"Om, Suksma Vajra (3x)","Nguyện thành tựu tất cả các pháp Tiên Đạo. <br>
tức là thành tựu Thập Trụ, Thập Hạnh, Thập Hồi Hướng.",,,,,,,"Om, Suksma Vajra (3x)",,,https://drive.google.com/file/d/19b0Qal3nV3IHG6Jow7dvRng0zjqgXhXl/view?usp=drive_link,https://drive.google.com/uc?export=download&id=19b0Qal3nV3IHG6Jow7dvRng0zjqgXhXl,https://drive.google.com/file/d/1GUvA6yrVkeBaX6f42xCkyTDJmbMHGqnf/view?usp=drive_link,https://drive.google.com/uc?export=download&id=1GUvA6yrVkeBaX6f42xCkyTDJmbMHGqnf,,,
42.16,42,16,0,0,2,42.16.00.00,        42.16 - Tu Nguyện Thành Tựu,B145,A,A,1,E16,E41,E02,,,,,,,,E07,,,,,,,,,,,,16,SA,Thí Cam Lồ,Giáng Chú Đại Vũ ,nghĩa là mưa lớn (đại bi) giáng xuống.,𑖭 - siddham letter sa (u+115AD) copy and paste - Unicode® symbol,𑖭,,Bestowing Sweet Dews,,Tu Nguyện Thành Tựu,,Quán Chuẩn Tử Tự SA trên lòng bàn tay Phải,,"Su Lu Su Lu (5x) <br>
Om, Su Lu Su Lu, <br>
Bô La Su Lu, Bô La Su Lu, <br>
Su Lu Su Lu Dê, <br>
Sô Pô Hô (5x)","Su Lu Su Lu (5x) <br>
Om, Su Lu Su Lu, <br>
Bo La Su Lu, Bo La Su Lu, <br>
Su Lu Su Lu Ye, <br>
So Po He (5x) ",,"Om, Suksma Vajra (3x)","Tôi nguyện tưới tẩm lòng đại từ, đại bi  <br>
vào tâm thức của tất cả chúng sinh, và <br>
Nguyện cảm thông và tha thứ cho tất thảy.",,,,Visualize Syllable SA on right hand,,,"Om, Suksma Vajra (3x)",,"I vow to permeate kindness and compassion to all living being’s consciousness.
I vow to emphathize and forgive all.",https://drive.google.com/file/d/1mFo_poKoWaClyXblGiRAsM_Vh2t-uXs3/view?usp=drive_link,https://drive.google.com/uc?export=download&id=1mFo_poKoWaClyXblGiRAsM_Vh2t-uXs3,https://drive.google.com/file/d/1VGUKnY4bNNJ_Z-1JDeEkDrseNRBvKwuH/view?usp=drive_link,https://drive.google.com/uc?export=download&id=1VGUKnY4bNNJ_Z-1JDeEkDrseNRBvKwuH,,,
42.16,42,16,0,0,2,42.16.00.00,        42.16 - Chuyển hóa Pháp Bảo thành Tâm Bảo,B146,A,B,1,,,,,,,,,,,,,,,,,,,,,,,16,SA,Thí Cam Lồ,Giáng Chú Đại Vũ ,nghĩa là mưa lớn (đại bi) giáng xuống.,𑖭 - siddham letter sa (u+115AD) copy and paste - Unicode® symbol,𑖭,,Bestowing Sweet Dews,,Chuyển hóa Pháp Bảo thành Tâm Bảo,Tu Pháp Bảo thành Thần Bảo (Tác Dụng),Quán Chuẩn Tử Tự SA trên lòng bàn tay Phải,,"Su Lu Su Lu (5x) <br>
Om, Su Lu Su Lu, <br>
Bô La Su Lu, Bô La Su Lu, <br>
Su Lu Su Lu Dê, <br>
Sô Pô Hô (5x)","Su Lu Su Lu (5x) <br>
Om, Su Lu Su Lu, <br>
Bo La Su Lu, Bo La Su Lu, <br>
Su Lu Su Lu Ye, <br>
So Po He (5x) ",,"Om, Tistha Vajra (3x)",Tôi đang biến Chuẩn Tự Tự SA thành giọt nước lành trị,,,,,,,"Om, Tistha Vajra (3x)",,,https://drive.google.com/file/d/1mFo_poKoWaClyXblGiRAsM_Vh2t-uXs3/view?usp=drive_link,https://drive.google.com/uc?export=download&id=1mFo_poKoWaClyXblGiRAsM_Vh2t-uXs3,https://drive.google.com/file/d/1VGUKnY4bNNJ_Z-1JDeEkDrseNRBvKwuH/view?usp=drive_link,https://drive.google.com/uc?export=download&id=1VGUKnY4bNNJ_Z-1JDeEkDrseNRBvKwuH,,,
42.16,42,16,0,0,2,42.16.00.00,        42.16 - Tu Nguyện Thành Tựu,B147,B,A,1,,,,,E06,,,,E32,E36,,E36,,,,,,,,,,,16,SA,Thí Cam Lồ,Giáng Chú Đại Vũ ,nghĩa là mưa lớn (đại bi) giáng xuống.,𑖭 - siddham letter sa (u+115AD) copy and paste - Unicode® symbol,𑖭,,Bestowing Sweet Dews,,Tu Nguyện Thành Tựu,"Tay Xoa Diệu, Mắt Hiền Lành",Tay Đại Bi Cam Lồ,,"Su Lu Su Lu (5x) <br>
Om, Su Lu Su Lu, <br>
Bô La Su Lu, Bô La Su Lu, <br>
Su Lu Su Lu Dê, <br>
Sô Pô Hô (5x)","Su Lu Su Lu (5x) <br>
Om, Su Lu Su Lu, <br>
Bo La Su Lu, Bo La Su Lu, <br>
Su Lu Su Lu Ye, <br>
So Po He (5x) ",,,"Tôi tưới tẩm lòng đại từ, đại bi vào tâm thức của tất cả chúng sinh. ",,,"Hand Conforting, Eyes of Kindness and Goodness",Compassionate Sweet Dews Hand,,,,,I permeate kindness and compassion into every living being’s consciousness.,https://drive.google.com/file/d/1mFo_poKoWaClyXblGiRAsM_Vh2t-uXs3/view?usp=drive_link,https://drive.google.com/uc?export=download&id=1mFo_poKoWaClyXblGiRAsM_Vh2t-uXs3,https://drive.google.com/file/d/1VGUKnY4bNNJ_Z-1JDeEkDrseNRBvKwuH/view?usp=drive_link,https://drive.google.com/uc?export=download&id=1VGUKnY4bNNJ_Z-1JDeEkDrseNRBvKwuH,,,
42.16,42,16,0,0,2,42.16.00.00,        42.16 - Tu bản thể Pháp Bảo,B148,B,A,2,,,,,E07,,,,E33,E37,,E37,,,,,,,,,,,16,SA,Thí Cam Lồ ,Giáng Chú Đại Vũ ,nghĩa là mưa lớn (đại bi) giáng xuống.,𑖭 - siddham letter sa (u+115AD) copy and paste - Unicode® symbol,𑖭,,Bestowing Sweet Dews,,Tu bản thể Pháp Bảo,,Tay Đại Từ Giáng Vũ,,"Su Lu Su Lu (5x) <br>
Om, Su Lu Su Lu, <br>
Bô La Su Lu, Bô La Su Lu, <br>
Su Lu Su Lu Dê, <br>
Sô Pô Hô (5x)","Su Lu Su Lu (5x) <br>
Om, Su Lu Su Lu, <br>
Bo La Su Lu, Bo La Su Lu, <br>
Su Lu Su Lu Ye, <br>
So Po He (5x) ",,,"Tôi cảm thông và tha thứ cho tất thảy và 
Nguyện thành tựu Trì Giới Ba La Mật.",,,,Raining Down Great Compassion Hand,,,,,I emphathize and forgive all.,https://drive.google.com/file/d/1mFo_poKoWaClyXblGiRAsM_Vh2t-uXs3/view?usp=drive_link,https://drive.google.com/uc?export=download&id=1mFo_poKoWaClyXblGiRAsM_Vh2t-uXs3,https://drive.google.com/file/d/1VGUKnY4bNNJ_Z-1JDeEkDrseNRBvKwuH/view?usp=drive_link,https://drive.google.com/uc?export=download&id=1VGUKnY4bNNJ_Z-1JDeEkDrseNRBvKwuH,,,
42.16.4,42,16,4,0,3,42.16.04.00,            42.16.4 - Tu Liên Hoa Bồ Đề Tâm,A049,L,A,9,,,,,,,,,X09,,,,X09,,X09,X09,X09,,,,X09,F2,16,SA,Thí Cam Lồ,Giáng Chú Đại Vũ ,nghĩa là mưa lớn (đại bi) giáng xuống.,𑖭 - siddham letter sa (u+115AD) copy and paste - Unicode® symbol,𑖭,,Bestowing Sweet Dews,,Tu Liên Hoa Bồ Đề Tâm,"(0.0,0.0,1.0)(0.0, 0.0, 1.0)(0.0,0.0,1.0)",Quán tưởng CTT SA 𑖭 ở ngay trên đỉnh đầu.,Top Inner,"Su Lu Su Lu<br>
Om, Su Lu Su Lu, <br>
Bô La Su Lu, Bô La Su Lu, <br>
Su Lu Su Lu Dê, <br>
Sô Pô Hô","Su Lu Su Lu
Om, Su Lu Su Lu,
Bo La Su Lu, Bo La Su Lu,
Su Lu Su Lu Ye,
So Po He",Crown Chakra,,,,,,,,,,,,https://drive.google.com/file/d/1mFo_poKoWaClyXblGiRAsM_Vh2t-uXs3/view?usp=drive_link,https://drive.google.com/uc?export=download&id=1mFo_poKoWaClyXblGiRAsM_Vh2t-uXs3,https://drive.google.com/file/d/1VGUKnY4bNNJ_Z-1JDeEkDrseNRBvKwuH/view?usp=drive_link,https://drive.google.com/uc?export=download&id=1VGUKnY4bNNJ_Z-1JDeEkDrseNRBvKwuH,,,
42.16.4,42,16,4,0,3,42.16.04.00,            42.16.4 - Tu Liên Hoa Bồ Đề Tâm,A065,L,A,25,,,,,,,,,X25,,,,,,,,,,,,,,16,SA,Thí Cam Lồ,Giáng Chú Đại Vũ ,nghĩa là mưa lớn (đại bi) giáng xuống.,𑖭 - siddham letter sa (u+115AD) copy and paste - Unicode® symbol,𑖭,,Bestowing Sweet Dews,,Tu Liên Hoa Bồ Đề Tâm,,,,"Su Lu Su Lu<br>
Om, Su Lu Su Lu, <br>
Bô La Su Lu, Bô La Su Lu, <br>
Su Lu Su Lu Dê, <br>
Sô Pô Hô","Su Lu Su Lu
Om, Su Lu Su Lu,
Bo La Su Lu, Bo La Su Lu,
Su Lu Su Lu Ye,
So Po He",,,,,,,,,,,,,https://drive.google.com/file/d/1mFo_poKoWaClyXblGiRAsM_Vh2t-uXs3/view?usp=drive_link,https://drive.google.com/uc?export=download&id=1mFo_poKoWaClyXblGiRAsM_Vh2t-uXs3,https://drive.google.com/file/d/1VGUKnY4bNNJ_Z-1JDeEkDrseNRBvKwuH/view?usp=drive_link,https://drive.google.com/uc?export=download&id=1VGUKnY4bNNJ_Z-1JDeEkDrseNRBvKwuH,,,
42.17,42,17,0,0,2,42.17.00.00,        42.17 - Tu Nguyện Thành Tựu,B149,A,A,1,E17,E17,,,,,,,E26,,,,,,,,,,,,,,17,MA,Ngọc Hoàn,"Đại Lưu Thoán Kích, Chúng Phong Tề Trĩ","nghĩa là đòng nước lớn (đại hỉ) chảy xiết, những ngọn núi lớn (đại xả) quy tụ.",𑖦 - siddham letter ma (u+115A6) copy and paste - Unicode® symbol,𑖦,,Precious Ring,,Tu Nguyện Thành Tựu,,Hai tay cầm Ngọc Hoàn,,"Hu Lu Hu Lu Mô La (5x) <br>
Om, Bô Nô Sin, <br>
Quay La Dê, <br>
Sô Pô Hô. (5x)","Hu Lu Hu Lu Mo La (5x) <br>
Om, Bo No Syin <br>
Wei La Ye, <br>
So Po He (5x)",,"Om, Suksma Vajra (3x)","Nguyện thành tựu trí huệ viên dung, <br>
tức là Hoa Nghiêm Tam Muội.",,,,Holding the Precious Ring with both hands,,,"Om, Suksma Vajra (3x)",,,https://drive.google.com/file/d/1tz1mTool4PkF9h3aXJDF0-elYVuwGDOy/view?usp=drive_link,https://drive.google.com/uc?export=download&id=1tz1mTool4PkF9h3aXJDF0-elYVuwGDOy,https://drive.google.com/file/d/1UwXeg4Lyb9bGvxpFpRu7c273_4puLAj5/view?usp=drive_link,https://drive.google.com/uc?export=download&id=1UwXeg4Lyb9bGvxpFpRu7c273_4puLAj5,,,
42.18,42,18,0,0,2,42.18.00.00,        42.18 - Tu Nguyện Thành Tựu,B150,A,A,1,E18,E18,E06,,,E12,,,E11,E12,E05,E12,,,,,,,,,,,18,GA,Bạch Liên Hoa,Phổ An Lập,"nghĩa là an lập khắp nơi (tâm vị tha, tâm bồ đề).",𑖐 - siddham letter ga (u+11590) copy and paste - Unicode® symbol,𑖐,,White Lotus,,Tu Nguyện Thành Tựu,,Bạch Liên Hoa trên tay Phải,,"Chê Mưng (5x) <br>
Om, Qua Zư La, <br>
Quay La Dê, <br>
Sô Pô Hô (5x)","Jye meng (5x) <br>
Om, Wa Dz La, <br>
Wei La Ye, <br>
So Po He (5x) ","Đưa Pháp Bảo qua đầu, và điểm 2 ngón tay còn lại vô Pháp Bảo.","Om, Suksma Vajra (3x)","Tôi là Bạch Liên Hoa bồ đề tâm. <br>
Nguyện chuyển hóa tất cả sự nghiện ngập, và chấp pháp. <br>
Thành tựu Vô Lượng Samaya và <br>
Không ngừng triển khai lòng biết ơn và cảm kích với tất thảy, <br>
và thành tựu Nhập Pháp giới, thành tựu Vô Lượng Thần thông.",,,,White Lotus on Right palm,,,"Om, Suksma Vajra (3x)",,"I’m the White Lotus.
I vow to transform all addictions and attachments to the dharma and thus, accomplish all Samaya, and constantly expressing my gratitude to all living beings.",https://drive.google.com/file/d/1nH2YkxEVgcAkgUdbCHi0e2cHNbucuR5e/view?usp=drive_link,https://drive.google.com/uc?export=download&id=1nH2YkxEVgcAkgUdbCHi0e2cHNbucuR5e,https://drive.google.com/file/d/1zOw5YC8It5dJyEqnjw3ZphWGFjLzsapQ/view?usp=drive_link,https://drive.google.com/uc?export=download&id=1zOw5YC8It5dJyEqnjw3ZphWGFjLzsapQ,,,
42.18,42,18,0,0,2,42.18.00.00,        42.18 - Chuyển hóa Pháp Bảo thành Tâm Bảo,B151,A,B,1,,,,,,,,,,,,,,,,,,,,,,,18,GA,Bạch Liên Hoa,Phổ An Lập,"nghĩa là an lập khắp nơi (tâm vị tha, tâm bồ đề).",𑖐 - siddham letter ga (u+11590) copy and paste - Unicode® symbol,𑖐,,White Lotus,,Chuyển hóa Pháp Bảo thành Tâm Bảo,Tu Pháp Bảo thành Thần Bảo (Tác Dụng),Bạch Liên Hoa trên tay Phải,,"Chê Mưng (5x) <br>
Om, Qua Zư La, <br>
Quay La Dê, <br>
Sô Pô Hô (5x)","Jye meng (5x) <br>
Om, Wa Dz La, <br>
Wei La Ye, <br>
So Po He (5x) ",,"Om, Tistha Vajra (3x)",Tôi đang biến cái Bạch Liên Hoa thành hạt giống CTT GA và đặt nó trong mảnh đất YA,,,,White Lotus on Right palm,,,"Om, Tistha Vajra (3x)",,,https://drive.google.com/file/d/1nH2YkxEVgcAkgUdbCHi0e2cHNbucuR5e/view?usp=drive_link,https://drive.google.com/uc?export=download&id=1nH2YkxEVgcAkgUdbCHi0e2cHNbucuR5e,https://drive.google.com/file/d/1zOw5YC8It5dJyEqnjw3ZphWGFjLzsapQ/view?usp=drive_link,https://drive.google.com/uc?export=download&id=1zOw5YC8It5dJyEqnjw3ZphWGFjLzsapQ,,,
42.18.4,42,18,4,0,3,42.18.04.00,            42.18.4 - Tu Liên Hoa Bồ Đề Tâm,A054,L,A,14,,,,,,,,,X14,,,,,,,,X14,,,,,F6,18,GA,Bạch Liên Hoa,Phổ An Lập,"nghĩa là an lập khắp nơi (tâm vị tha, tâm bồ đề).",𑖐 - siddham letter ga (u+11590) copy and paste - Unicode® symbol,𑖐,,White Lotus,,Tu Liên Hoa Bồ Đề Tâm,"(0.0,−1.0,0.0)(0.0, -1.0, 0.0)(0.0,−1.0,0.0)",Quán tưởng CTT GA 𑖐 ở phía trước mặt.,Front Inner,"Chê Mưng <br>
Om, Qua Zư La, <br>
Quay La Dê, <br>
Sô Pô Hô","Jye meng
Om, Wa Dz La,
Wei La Ye,
So Po He ",,,,,,,,,,,,,https://drive.google.com/file/d/1nH2YkxEVgcAkgUdbCHi0e2cHNbucuR5e/view?usp=drive_link,https://drive.google.com/uc?export=download&id=1nH2YkxEVgcAkgUdbCHi0e2cHNbucuR5e,https://drive.google.com/file/d/1zOw5YC8It5dJyEqnjw3ZphWGFjLzsapQ/view?usp=drive_link,https://drive.google.com/uc?export=download&id=1zOw5YC8It5dJyEqnjw3ZphWGFjLzsapQ,,,
42.19,42,19,0,0,2,42.19.00.00,        42.19 - Tu Nguyện Thành Tựu,B152,A,A,1,E19,E19,E03,,,E09,,,E08,E09,E02,E09,,,,,,,,,,,19,THA,Thanh Liên Hoa,Chân Như Bình Đẳng Tạng ,nghĩa là kho tàng Chân Như bình đẳng.,𑖞 - siddham letter tha (u+1159E) copy and paste - Unicode® symbol,𑖞,,Blue Lotus,,Tu Nguyện Thành Tựu,,Thanh Liên Hoa trên tay Trái,,"Li Tô Duin (5x) <br>
Om, Chư Li Chư Li, <br>
Qua Zư La, <br>
Bu La Pan Tô, <br>
Hum Pan Cha (5x)","Li To Yun (5x) <br>
Om, Jr Li Jr Li, <br>
Wa Dz La, <br>
Bu La Pan To, <br>
Hum Pan Ja (5x) ","Đưa Pháp Bảo qua đầu, và điểm 2 ngón tay còn lại vô Pháp Bảo.","Om, Suksma Vajra (3x)","Tôi là Thanh Liên Hoa bồ đề tâm. <br>
Nguyện chuyển hóa tâm tham lam, bỏn xẻn, <br>
Thành tựu Vô Lượng Bồ Đề Tâm, và <br>
Hóa giải tất cả nợ tiền.",,,,Blue Lotus on Left palm,,,"Om, Suksma Vajra (3x)",,"I’m the Blue Lotus. <br>
I vow to transform all my greed and desires;<br>
realize the Bodhi mind,<br>
and resolve all monetary debts.",https://drive.google.com/file/d/1SMO2bGuIAoGx2uMpoYwxoLZobFTJkexr/view?usp=drive_link,https://drive.google.com/uc?export=download&id=1SMO2bGuIAoGx2uMpoYwxoLZobFTJkexr,https://drive.google.com/file/d/1PD-pvdPdu3DL3zNUuaftOBUdORmgoyJo/view?usp=drive_link,https://drive.google.com/uc?export=download&id=1PD-pvdPdu3DL3zNUuaftOBUdORmgoyJo,,,
42.19.4,42,19,4,0,3,42.19.04.00,            42.19.4 - Tu Liên Hoa Bồ Đề Tâm,A059,L,A,19,,,,,,,,,X19,,,,,,,,X19,,,,,F3,19,THA,Thanh Liên Hoa,Chân Như Bình Đẳng Tạng ,nghĩa là kho tàng Chân Như bình đẳng.,𑖞 - siddham letter tha (u+1159E) copy and paste - Unicode® symbol,𑖞,,Blue Lotus,,Tu Liên Hoa Bồ Đề Tâm,"(−1.0,0.0,0.0)(-1.0, 0.0, 0.0)(−1.0,0.0,0.0)",Quán tưởng CTT THA 𑖞 ở ngay bên trái.,Left Inner ,"Li Tô Duin <br>
Om, Chư Li Chư Li, <br>
Qua Zư La, <br>
Bu La Pan Tô, <br>
Hum Pan Cha","Li To Yun
Om, Jr Li Jr Li,
Wa Dz La,
Bu La Pan To,
Hum Pan Ja",,,,,,,,,,,,,https://drive.google.com/file/d/1SMO2bGuIAoGx2uMpoYwxoLZobFTJkexr/view?usp=drive_link,https://drive.google.com/uc?export=download&id=1SMO2bGuIAoGx2uMpoYwxoLZobFTJkexr,https://drive.google.com/file/d/1PD-pvdPdu3DL3zNUuaftOBUdORmgoyJo/view?usp=drive_link,https://drive.google.com/uc?export=download&id=1PD-pvdPdu3DL3zNUuaftOBUdORmgoyJo,,,
42.20,42,20,0,0,2,42.20.00.00,        42.20 - Tu Nguyện Thành Tựu,B153,A,A,1,E20,E20,,,,,,,E25,,,,,,,,,,,,,,20,JA,Bảo Kính,Nhập Thế Gian Hải Thanh Tịnh,nghĩa là đi vào trong biển thế gian mà vẫn thanh tịnh.,𑖕 - siddham letter ja (u+11595) copy and paste - Unicode® symbol,𑖕,,Jewel Mirror,,Tu Nguyện Thành Tựu,,,,"Shư Nô Shư Nô (5x) <br>
Om, Quay Sa Pu La, <br>
Nô La Gơ Cha, <br>
Qua Zư La, <br>
Man Cha La, <br>
Hum Pan Cha (5x)","Shr No Shr No (5x) <br>
Om, Wei Sa Pu La, <br>
No La Ge Cha, <br>
Wa Dz La, <br>
Man Ja La, <br>
Hum Pan Ja (5x)",,"Om, Suksma Vajra (3x)","Nguyện thành tựu trí tuệ Phương Võng, <br>
tức là Phương Võng Tam Muội. <br>
Nguyện thành tựu Ngũ nhãn  <br>
(Nhục nhãn, Thiên nhãn, Huệ nhãn, Pháp nhãn và Phật nhãn) và <br>
Vượt thoát khỏi Vô Sắc giới.",,,,,,,"Om, Suksma Vajra (3x)",,,https://drive.google.com/file/d/1Qpj7gmaUtXMbIyPh6pTvioGMzpGPUOkI/view?usp=drive_link,https://drive.google.com/uc?export=download&id=1Qpj7gmaUtXMbIyPh6pTvioGMzpGPUOkI,https://drive.google.com/file/d/1-5kY3POeClBzEOtIp8hdqWkcXN4IsLat/view?usp=drive_link,https://drive.google.com/uc?export=download&id=1-5kY3POeClBzEOtIp8hdqWkcXN4IsLat,,,
42.21,42,21,0,0,2,42.21.00.00,        42.21 - Tu Nguyện Thành Tựu,B154,A,A,1,E21,E21,E05,,,E11,,,E10,E11,E04,E11,,,,,,,,,,,21,SVA,Tía Liên Hoa,Niệm Nhất Thiết Phật Trang Nghiêm,nghĩa là nhớ nghĩ tới vẻ đẹp trang nghiêm của tất cả chư Phật.,𑖪 - siddham letter va (u+115AA) copy and paste - Unicode® symbol,𑖭𑖿𑖪,,Purple Lotus,,Tu Nguyện Thành Tựu,,Tía Liên Hoa trên tay Trái,,"Phô La Shơ Dê (5x) <br>
Ọm, Sa La Sa La, <br>
Qua Zư La, Cha La, <br>
Hum Pan Cha (5x) <br>","Fo La She Ye (5x) <br>
Om, Sa La Sa La, <br>
Wa Dz La, Jya La, <br>
Hum Pan Ja (5x)","Đưa Pháp Bảo qua đầu, và điểm 2 ngón tay còn lại vô Pháp Bảo.","Om, Suksma Vajra (3x)","Tôi là Tía Liên Hoa Bồ Đề Tâm. <br>
Nguyện chuyển hoá tâm si mê, ích kỷ, <br>
Thành tựu Vô Lượng Tam Muội, và <br>
Hóa giải tất cả nợ tình.",,,,Purple Lotus on Left palm,,,"Om, Suksma Vajra (3x)",,"I’m the Purple Lotus.<br>
I vow to transform all illusions, delusions, selfish;<br>
attain boundless Samadhi,<br>
and resolve all emotional entanglements.",https://drive.google.com/file/d/1Uy4uwHQ6mEVCLG40IFvbiiMfHVt8rKZd/view?usp=drive_link,https://drive.google.com/uc?export=download&id=1Uy4uwHQ6mEVCLG40IFvbiiMfHVt8rKZd,https://drive.google.com/file/d/1kfRI8G8YlsjmdrtNMf39tJ5XsEJBfRsM/view?usp=drive_link,https://drive.google.com/uc?export=download&id=1kfRI8G8YlsjmdrtNMf39tJ5XsEJBfRsM,,,
42.21.4,42,21,4,0,3,42.21.04.00,            42.21.4 - Tu Liên Hoa Bồ Đề Tâm,A057,L,A,17,,,,,,,,,X17,,,,,,,,X17,,,,,F5,21,SVA,Tía Liên Hoa,Niệm Nhất Thiết Phật Trang Nghiêm,nghĩa là nhớ nghĩ tới vẻ đẹp trang nghiêm của tất cả chư Phật.,𑖪 - siddham letter va (u+115AA) copy and paste - Unicode® symbol,𑖭𑖿𑖪,,Purple Lotus,,Tu Liên Hoa Bồ Đề Tâm,"(1.0,0.0,0.0)(1.0, 0.0, 0.0)(1.0,0.0,0.0)",Quán tưởng CTT SVA 𑖭𑖿𑖪 ở phía ngay bên phải,Right Inner,"Phô La Shơ Dê <br>
Ọm, Sa La Sa La, <br>
Qua Zư La, Cha La, <br>
Hum Pan Cha","Fo La She Ye
Om, Sa La Sa La,
Wa Dz La, Jya La,
Hum Pan Ja",,,,,,,,,,,,,https://drive.google.com/file/d/1Uy4uwHQ6mEVCLG40IFvbiiMfHVt8rKZd/view?usp=drive_link,https://drive.google.com/uc?export=download&id=1Uy4uwHQ6mEVCLG40IFvbiiMfHVt8rKZd,https://drive.google.com/file/d/1kfRI8G8YlsjmdrtNMf39tJ5XsEJBfRsM/view?usp=drive_link,https://drive.google.com/uc?export=download&id=1kfRI8G8YlsjmdrtNMf39tJ5XsEJBfRsM,,,
42.22,42,22,0,0,2,42.22.00.00,        42.22 - Tu Nguyện Thành Tựu,B155,A,A,0,E22,E13,,,,,,,G04,,,,,,,,,,,,,,22,DHA,Bàng Bài,"Quán Sát Giản Trạch <br>
Nhất Thiết Pháp Tụ ","nghĩa là quán sát, tuyển chọn nơi chân lý quy tụ.",𑖠 - siddham letter dha (u+115A0) copy and paste - Unicode® symbol,𑖠,,Shield,,Tu Nguyện Thành Tựu,,,,"Pha Shơ Dê Đi (5x) <br>
Om, Dau Gơ Shan Nang <br>
Nô Dê Chan Nai La, <br>
Đa Ou Bu Li Dê <br>
Ba Shơ Ba Shơ <br>
Sô Pô Hô (5x)","Fa She Ye Di (5x) <br>
Om, Yau Ge Shan Nang <br>
Nwo Ye Jan Nai La, <br>
Da Ou Buo Li Ye <br>
Ba She Ba She <br>
So Po He (5x)
",,"Om, Suksma Vajra (3x)",Nguyện thành tựu Nhân Đà La Võng Tam Muội,,,,,,,"Om, Suksma Vajra (3x)",,,https://drive.google.com/file/d/1YDRUag_FHiFzIBhvStXOWtDSDR8y3C2n/view?usp=drive_link,https://drive.google.com/uc?export=download&id=1YDRUag_FHiFzIBhvStXOWtDSDR8y3C2n,https://drive.google.com/file/d/1Ad82IaSL7G1dnxcfsVXBaJ4gHK2dXinw/view?usp=drive_link,https://drive.google.com/uc?export=download&id=1Ad82IaSL7G1dnxcfsVXBaJ4gHK2dXinw,,,
42.23,42,23,0,0,2,42.23.00.00,        42.23 - Tu Nguyện Thành Tựu,B156,A,A,0,E23,E15,,,,,,,F07,,,,,,,,,,,,,,23,ŚA (SHA),Phất Trần,"Tùy Thuận Nhất Thiết <br>
Phật Giáo Luân Quang Minh",nghĩa là tùy thuận tất cả những phạm trù sáng sủa mà Phật dạy.,𑖫 - siddham letter sha (u+115AB) copy and paste - Unicode® symbol,𑖫,,White Whisk,,Tu Nguyện Thành Tựu,,,,"Mô Mô (5x) <br>
Om, Bô Nô Mi Ming, <br>
Pơ Dê Qua Đi <br>
Mô Hơ Dê Rơ <br>
Dê Mô Hơ Ning <br>
Sô Pô Hô (5x)","Mwo Mwo (5x) <br>
Om, Bwo Nwo Mi Ming, <br>
Pe Ye Wa Di <br>
Mwo He Ye Re <br>
Ye Mwo He Ning <br>
So Po He (5x)
",,"Om, Suksma Vajra (3x)",Nguyện thành tựu Bất Hoại Hồi Hướng,,,,,,,"Om, Suksma Vajra (3x)",,,https://drive.google.com/file/d/1ZrQEvRKJxsi-K5TgOBzClcLcf93SdaX8/view?usp=drive_link,https://drive.google.com/uc?export=download&id=1ZrQEvRKJxsi-K5TgOBzClcLcf93SdaX8,https://drive.google.com/file/d/18UlgTgqNUdCjjwboVdAzq8wDVLrVilpk/view?usp=drive_link,https://drive.google.com/uc?export=download&id=18UlgTgqNUdCjjwboVdAzq8wDVLrVilpk,,,
42.24,42,24,0,0,2,42.24.00.00,        42.24 - Tu Nguyện Thành Tựu,B157,A,A,1,E24,E33,,,,,,,E23,E30,,E30,,,,,,,,,,,24,KHA,Tích Trượng,Tu Nhân Địa Trí Tuệ Tạng,nghĩa là kho tàng của sự tu hành trí huệ từ nơi gốc.,𑖏 - siddham letter kha (u+1158F) copy and paste - Unicode® symbol,𑖏,,Jewel Staff,,Tu Nguyện Thành Tựu,,,,"Mi Đi Li Dê (5x) <br>
Om, Nô Li Ti Nô Li Ti, <br>
Nô Li Cha Bô Đi, <br>
Nô Li Đi Nô, <br>
Dê Bô Ning, <br>
Hum Pan Cha (5x)","Mi Di Li Ye (5x) <br>
Om, No Li Ti No Li Ti <br>
No Li Ja Bo Di <br>
No Li Di No <br>
Ye Bo Ning <br>
Hum Pan Ja (5x)",,"Om, Suksma Vajra (3x)",Nguyện thành tựu tất cả các Pháp bản của Đẳng Giác.,,,,,,,"Om, Suksma Vajra (3x)",,,https://drive.google.com/file/d/1VG3luaNw7yb-nnNHCY_jvn9NIMI2MZUT/view?usp=drive_link,https://drive.google.com/uc?export=download&id=1VG3luaNw7yb-nnNHCY_jvn9NIMI2MZUT,https://drive.google.com/file/d/1_T6biwjy2wEgQkjykdhU-q6k5GwhKwYK/view?usp=drive_link,https://drive.google.com/uc?export=download&id=1_T6biwjy2wEgQkjykdhU-q6k5GwhKwYK,,,
42.24,42,24,0,0,2,42.24.00.00,        42.24 - Tu Nguyện Thành Tựu,B158,A,A,1,,,,,,,,,H01,,,,,,,,,,,,,,24,KHA,Tích Trượng,Tu Nhân Địa Trí Tuệ Tạng,nghĩa là kho tàng của sự tu hành trí huệ từ nơi gốc.,𑖏 - siddham letter kha (u+1158F) copy and paste - Unicode® symbol,𑖏,,Jewel Staff,,Tu Nguyện Thành Tựu,,,,"Mi Đi Li Dê (5x) <br>
Om, Nô Li Ti Nô Li Ti, <br>
Nô Li Cha Bô Đi, <br>
Nô Li Đi Nô, <br>
Dê Bô Ning, <br>
Hum Pan Cha (5x)","Mi Di Li Ye (5x) <br>
Om, No Li Ti No Li Ti <br>
No Li Ja Bo Di <br>
No Li Di No <br>
Ye Bo Ning <br>
Hum Pan Ja (5x)",,"Om, Tistha Vajra (3x)","Nguyện thành tựu tích trượng của Đức Địa Tạng, thức tỉnh tất cả chúng sinh trong địa ngục khỏi mọi u mê lầm lạc.",,,,,,,"Om, Tistha Vajra (3x)",,"I vow to realize the staff of Earth Store Bodhisattva , to be able to enlighten all living beings in the dark (hell) of ignorance, confusion, and dualism.",https://drive.google.com/file/d/1VG3luaNw7yb-nnNHCY_jvn9NIMI2MZUT/view?usp=drive_link,https://drive.google.com/uc?export=download&id=1VG3luaNw7yb-nnNHCY_jvn9NIMI2MZUT,https://drive.google.com/file/d/1_T6biwjy2wEgQkjykdhU-q6k5GwhKwYK/view?usp=drive_link,https://drive.google.com/uc?export=download&id=1_T6biwjy2wEgQkjykdhU-q6k5GwhKwYK,,,
42.25,42,25,0,0,2,42.25.00.00,        42.25 - Tu Nguyện Thành Tựu,B159,A,A,1,E25,E25,E04,,,E10,,,E09,E10,E03,E10,,,,,,,,,,,25,KṢA (KSSA),Hồng Liên Hoa,Tức Chư Nghiệp Hải Tạng,nghĩa là ngừng tất cả biển nghiệp tiềm tàng.,,𑖎𑖿𑖬,,Red Lotus,,Tu Nguyện Thành Tựu,,Hồng Liên Hoa trên tay Phải,,"Bô Tô Mô Chê Si Tô Dê (5x) <br>
Om, Shang Chê Li, <br>
Sô Pô Hô (5x)","Bo To Mo Jye Syi To Ye (5x) <br>
Om, Shang Jye Li, <br>
So Po He (5x)","Đưa Pháp Bảo qua đầu, và điểm 2 ngón tay còn lại vô Pháp Bảo.","Om, Suksma Vajra (3x)","Tôi là Hồng Liên Hoa Bồ Đề Tâm.<br>
Nguyện chuyển hóa tâm giận, lẫy, hận, thù, <br>
Thành tựu Vô Lượng Hạnh Lành, và <br>
Hóa giải tất cả nợ máu.",,,,Red Lotus on Right hand,,,"Om, Suksma Vajra (3x)",,"I’m the Red Lotus.<br>
I vow to transform all anger and hatred,\;<br>
realize all the dharma practices,<br>
and resolve all blood debts.",https://drive.google.com/file/d/1SSM0aHihCtJIc1l3MsBzBU1WJYRI0jrr/view?usp=drive_link,https://drive.google.com/uc?export=download&id=1SSM0aHihCtJIc1l3MsBzBU1WJYRI0jrr,https://drive.google.com/file/d/18_ctkjagUOEgl1TMbHzEYmABOlo7E3tY/view?usp=drive_link,https://drive.google.com/uc?export=download&id=18_ctkjagUOEgl1TMbHzEYmABOlo7E3tY,,,
42.25.4,42,25,4,0,3,42.25.04.00,            42.25.4 - Tu Liên Hoa Bồ Đề Tâm,A052,L,A,12,,,,,,,,,X12,,,,,,,,X12,,,,,F4,25,KṢA (KSSA),Hồng Liên Hoa,Tức Chư Nghiệp Hải Tạng,nghĩa là ngừng tất cả biển nghiệp tiềm tàng.,,𑖎𑖿𑖬,,Red Lotus,,Tu Liên Hoa Bồ Đề Tâm,"(0.0,1.0,0.0)(0.0, 1.0, 0.0)(0.0,1.0,0.0)",Quán tưởng CTT KṢA 𑖎𑖿𑖬 ở ngay phía sau lưng.,Back Inner,"Bô Tô Mô Chê Si Tô Dê <br>
Om, Shang Chê Li, <br>
Sô Pô Hô","Bo To Mo Jye Syi To Ye
Om, Shang Jye Li,
So Po He",,,,,,,,,,,,,https://drive.google.com/file/d/1SSM0aHihCtJIc1l3MsBzBU1WJYRI0jrr/view?usp=drive_link,https://drive.google.com/uc?export=download&id=1SSM0aHihCtJIc1l3MsBzBU1WJYRI0jrr,https://drive.google.com/file/d/18_ctkjagUOEgl1TMbHzEYmABOlo7E3tY/view?usp=drive_link,https://drive.google.com/uc?export=download&id=18_ctkjagUOEgl1TMbHzEYmABOlo7E3tY,,,
42.26,42,26,0,0,2,42.26.00.00,        42.26 - Tu Nguyện Thành Tựu,B160,A,A,1,E26,E24,,,,,,,E19,E26,,E26,,,,,,,,,,,26,STA,Bình Quân Trì,"Quyện Chư Hoặc Chướng, <br>
Khai Tịnh Quang Minh","nghĩa là cuộn lại mọi mê hoặc chướng ngại, mở ra quang minh thanh tịnh.",,𑖭𑖿𑖝,,Kundi,,Tu Nguyện Thành Tựu,,Cầm Bình Quân Trì,,"Tô La Tô La (5x) <br>
Om, Qua Zư La, <br>
Shư Chuê Lu, <br>
Cha Sin Cha (5x)","To La To La (5x) <br>
Om, Wa Dz La, <br>
Shr Chywe Lu, <br>
Ja Syin Ja (5x)",,"Om, Suksma Vajra (3x)","Tôi là trí huệ Bao Nạp. Và <br>
Nguyện thành tựu tất cả pháp Thập Hồi Hướng.",,,,Holding the Kundi,,,"Om, Suksma Vajra (3x)",,I am the Wisdom of Embracing. I vow to accomplish the Dharma of the Ten Dedications.,https://drive.google.com/file/d/1TCqdUp-BRiSZXx8qyB-I43vwaJkNOaxu/view?usp=drive_link,https://drive.google.com/uc?export=download&id=1TCqdUp-BRiSZXx8qyB-I43vwaJkNOaxu,https://drive.google.com/file/d/1G76uEREh0VYgzCg4MLtqWVYCLGyJBFUl/view?usp=drive_link,https://drive.google.com/uc?export=download&id=1G76uEREh0VYgzCg4MLtqWVYCLGyJBFUl,,,
42.27,42,27,0,0,2,42.27.00.00,        42.27 - Tu Nguyện Thành Tựu,B161,A,A,0,E27,E26,,,,,,,G01,,,,,,,,,,,,,,27,ŇA (NYA),Bảo Kích,Tác Thế Gian Trí Huệ Môn,nghĩa là làm cánh cửa trí huệ cho thế gian.,𑖗 - siddham letter nya (u+11597) copy and paste - Unicode® symbol,𑖗,,,,Tu Nguyện Thành Tựu,,,,"Mô Hơ Pha Shơ Dê Đi (5x) <br>
Om, San May Dê, <br>
Chư Ning Hơ Li, <br>
Hum Pan Cha (5x)","Mwo He Fa She Ye Di. (5x) <br>
Om, San Mei Ye, <br>
Jr Ning He Li, <br>
Hum Pan Ja (5x)",,"Om, Suksma Vajra (3x)",Tùy thuận nhất thiết chúng sanh hồi hướng,,,,,,,"Om, Suksma Vajra (3x)",,,https://drive.google.com/file/d/1xHiZI5ZKzgXeS29WB_9PyzqccocmR7yv/view?usp=drive_link,https://drive.google.com/uc?export=download&id=1xHiZI5ZKzgXeS29WB_9PyzqccocmR7yv,https://drive.google.com/file/d/1KExCc8Flh0PZasgpbUDLjjmPXjtxEYqS/view?usp=drive_link,https://drive.google.com/uc?export=download&id=1KExCc8Flh0PZasgpbUDLjjmPXjtxEYqS,,,
42.28,42,28,0,0,2,42.28.00.00,        42.28 - Tu Nguyện Thành Tựu,B162,A,A,1,E28,E28,,,,,,,E21,E28,,E28,,,,,,,,,,,28,RTHA,Khô Lâu,Sinh Tử Cảnh Giới Trí Huệ Luân,nghĩa là nhữmg phạm trù trí huệ trong cảnh giới sinh tử.,,𑖨𑖿𑖞,,Jewel Skull,,Tu Nguyện Thành Tựu,,"Khô Lâu trong lòng bàn tay Trái, tay Phải chụp lên trên",,"Di Si Di Si (5x) <br>
Om, Đu Nang, <br>
Qua Zư La Hơ (5X)","Yi Syi Yi Syi (5x) <br>
Om, Du Nang <br>
Wa Dz La He (5x)",,"Om, Suksma Vajra (3x)",Nguyện thành tựu Trí huệ xuyên phá Ngũ Ấm ma và Trung Ấm ma.,,,,"The Skull is in the Left palm, the Right palm covering it.",,,"Om, Suksma Vajra (3x)",,,https://drive.google.com/file/d/1Ws-P2QbYqowYoB9UV4urNqYpW749j2h6/view?usp=drive_link,https://drive.google.com/uc?export=download&id=1Ws-P2QbYqowYoB9UV4urNqYpW749j2h6,https://drive.google.com/file/d/1jt65cyF4Og_cyRAIXHsOAvYEcI7UfWs7/view?usp=drive_link,https://drive.google.com/uc?export=download&id=1jt65cyF4Og_cyRAIXHsOAvYEcI7UfWs7,,,
42.29,42,29,0,0,2,42.29.00.00,        42.29 - Tu Nguyện Thành Tựu,B163,A,A,1,E29,E36,,,,,,,F01,,,,,,,,,,,,,,29,BHA,Hóa Cung Điện,"Nhất Thiết Trí Cung Điện <br>
Viên Mãn Trang Nghiêm",nghĩa là những trang nghiêm viên mãn nơi cung điện Nhất Thiết Trí.,𑖥 - siddham letter bha (u+115A5) copy and paste - Unicode® symbol,𑖥,,Castle,,Tu Nguyện Thành Tựu,,,,"Pha Mô La (5x) <br>
Om, Quay Sa La, <br>
Quay Sa La,  <br>
Hum Pan Cha (5x)","Fa Mo La (5x) <br>
Om, Wei Sa La,  <br>
Wei Sa La <br>
Hum Pan Ja (5x)",,"Om, Suksma Vajra (3x)","Nguyện thể nhập vào Pháp Giới, thể nhập vào HA, Không gian sống Tam Muội và Nguyện xây trú ngụ/mái ấm cho tất cả chư Phật. (30 sec.) <br>
<br>
Nguyện thể nhập vào tất cả mạng lưới Quang Minh của tất cả chư Phật, chư Bồ Tát trong Pháp Giới .  (30 sec.)
<br>
Kiết Định Ấn, tiếp tục trì trong tâm 1 đến 2 phút.",,,,,,,"Om, Suksma Vajra (3x)",,,https://drive.google.com/file/d/1Yjn8-cV7dICY9MKLUrtNsKTkBdtaFJ2E/view?usp=drive_link,https://drive.google.com/uc?export=download&id=1Yjn8-cV7dICY9MKLUrtNsKTkBdtaFJ2E,https://drive.google.com/file/d/1-27WhZCCexynV-fqX4zoYGhvHN7aNOMo/view?usp=drive_link,https://drive.google.com/uc?export=download&id=1-27WhZCCexynV-fqX4zoYGhvHN7aNOMo,,,
42.30,42,30,0,0,2,42.30.00.00,        42.30 - Tu Nguyện Thành Tựu,B164,A,A,1,E30,E40,,,,,,,F10,,,,,,,,,,,,,,30,CHA,Bồ Đào,"Tu Hành Phương Tiện Tạng, <br>
Các Biệt Viên Mãn","nghĩa là khi tu hành những kho tàng phương tiện, mỗi một thứ ta đều đạt tớị viên mãn.",𑖔 - siddham letter cha (u+11594) copy and paste - Unicode® symbol,𑖔,,The Grapes,,Tu Nguyện Thành Tựu,,Cầm Bồ Đào tay phải,,"Ơ Si Tô Dê (5x) <br>
Om, Ơ Mô La, <br>
Chi-an Đi Ni Ning, <br>
Sô Pô Hô (5x)","E Shi To Ye (5x) <br>
Om, E Mo La <br>
Jian Di Ni Ning <br>
So Po He (5x)","Xin sức mạnh của Bồ Đào giúp con mang lại sự vui vẻ, sức sống và chuyển hóa  cho chúng sanh hữu hình và vô hình chung quanh con ","Om, Suksma Vajra (3x)","Nguyện tu tập để thành tựu 5 khả năng: <br>
 <br>
1. Những ai đói khát sẽ được ấm no <br>
2. Những ai nghèo khổ sẽ được sung túc <br>
3. Những ai bệnh hoạn sẽ được lành trị <br>
4. Những ai phiền não sẽ được tự tại <br>
5. Những ai chưa phát tâm sẽ được phát tâm. <br>
<br>
Nguyện thành tựu Phủ Đồng Thế Gian Tam Muội. <br>
<br>
Xin sức mạnh của Bồ Đào thủ nhãn đem lại niềm vui, sức sống và sự lành trị cho tất cả chúng sinh chung quanh con.",,,,,,,"Om, Suksma Vajra (3x)",,,https://drive.google.com/file/d/1yIhDdLeXEO9QwY70vamqFYz6DLSgs_5Z/view?usp=drive_link,https://drive.google.com/uc?export=download&id=1yIhDdLeXEO9QwY70vamqFYz6DLSgs_5Z,https://drive.google.com/file/d/1_Y-FQM21t60Pbp6rzDFx8BsNNtqfU3ID/view?usp=drive_link,https://drive.google.com/uc?export=download&id=1_Y-FQM21t60Pbp6rzDFx8BsNNtqfU3ID,,,
42.31,42,31,0,0,2,42.31.00.00,        42.31 - Tu Nguyện Thành Tựu,B165,A,A,1,E31,E31,,,,,,,E24,,,,,,,,,,,,,,31,SMA,Bảo Ấn,"Tùy Thập Phương, <br>
Hiện Kiến Chư Phật","nghĩa là ở bất kỳ nơi đâu trong mười phương, ngay tức khắc thấy chư Phật.",https://www.aksharamukha.com/converter,𑖭𑖿𑖦,,Jewel Seal,,Tu Nguyện Thành Tựu,,Cầm Bảo Kính tay trái để mặt có VAM hướng lên trên. Đây là Bảo Ấn. Viết chữ SMA vào Bảo Ấn.,,"Sa Pơ, Sa Pơ (5x) <br>
Om, Qua Zư La, <br>
Ning Đan Rơ Di, <br>
Sô Pô Hô (5x)","Sa Pe, Sa Pe (5x) <br>
Om, Wa Dz La <br>
Ning Dan Re Yi, <br>
So Po He (5x)",,"Om, Suksma Vajra (3x)",Nguyện thành tựu Bảo Ấn Nguyệt Luân tức Hải Ấn Tam Muội,,,,,,,"Om, Suksma Vajra (3x)",,,https://drive.google.com/file/d/1_jrma-al3gZem_wD4SwuaWG21Lo0RYXY/view?usp=drive_link,https://drive.google.com/uc?export=download&id=1_jrma-al3gZem_wD4SwuaWG21Lo0RYXY,https://drive.google.com/file/d/1nf0fZjbDfmr9eDjpGi4g9gDZfw55BqFQ/view?usp=drive_link,https://drive.google.com/uc?export=download&id=1nf0fZjbDfmr9eDjpGi4g9gDZfw55BqFQ,,,
42.32,42,32,0,0,2,42.32.00.00,        42.32 - Tu Nguyện Thành Tựu,B166,A,A,0,E32,E32,,,,,,,G02,,,,,,,,,,,,,,32,HVA,Câu Thi Thiết Câu,"Quán Sát Nhất Thiết Vô Duyên Chúng Sinh, <br>
Phương Tiện Nhiếp Thọ, Linh Xuất Sinh Vô Ngại Lực","nghĩa là quán sát tất cả chúng sinh vô duyên, từ đó dùng phương tiện để nhiếp an họ khiến sản sinh ra sức mạnh vô ngại.",https://www.aksharamukha.com/converter,𑖮𑖿𑖪,,,,Tu Nguyện Thành Tựu,,,,"Đi Li Ni (5x) <br>
Om, Ơ Gu Lu, <br>
Đô La Chê, <br>
La Quay Sha Di, <br>
Na Mô, <br>
Sô Pô Hô (5x)","Di Li Ni (5x) <br>
Om, E Gu Lu, <br>
Dwo La Jye, <br> 
La Wei Sha Yi, <br> 
Na Mwo, <br> 
So Po He (5x)",,"Om, Suksma Vajra (3x)",,,,,,,,"Om, Suksma Vajra (3x)",,,https://drive.google.com/file/d/1HXU1YvH1kA-kaVTZ3qXRBMFSDqm_veuN/view?usp=drive_link,https://drive.google.com/uc?export=download&id=1HXU1YvH1kA-kaVTZ3qXRBMFSDqm_veuN,,,,,
42.33,42,33,0,0,2,42.33.00.00,        42.33 - Tu Nguyện Thành Tựu,B167,A,A,1,E33,E16,,,,,,,E22,E29,,E29,,,,,,,,,,,33,TSA,Giới Phủ,"Tu Hành Thú Nhập <br>
Nhất Thiết Công Đức Hải",nghĩa là tu hành tất cả biển công đức.,https://www.aksharamukha.com/converter,𑖝𑖿𑖭,,Jewel Ax,,Tu Nguyện Thành Tựu,,Cầm Giới Phủ tay trái,,"Si Lu Seng, Ơ Mi Chuê Dê (5x) <br>
Om, Quay La Dê, <br>
Quay La Dê, <br>
Sô Pô Hô (5x)","Syi Lu Seng, E Mu Chywe Ye (5x) <br>
Om, Wei La Ye, <br>
Wei La Ye <br>
So Po He (5x)",,"Om, Suksma Vajra (3x)",Nguyện thành tựu tất cả các pháp căn bản của Thập Địa.,,,,Holding the Axe,,,"Om, Suksma Vajra (3x)",,,https://drive.google.com/file/d/11ZOPdIQaxkEPoaX_JxgDiNa0019QNcmv/view?usp=drive_link,https://drive.google.com/uc?export=download&id=11ZOPdIQaxkEPoaX_JxgDiNa0019QNcmv,https://drive.google.com/file/d/1ueroGqkqAyeEH8JG57oC_ZM_hg2Raxr6/view?usp=drive_link,https://drive.google.com/uc?export=download&id=1ueroGqkqAyeEH8JG57oC_ZM_hg2Raxr6,,,
42.33,42,33,0,0,2,42.33.00.00,        42.33 - Tu Nguyện Thành Tựu,B168,A,A,1,,,,,,,,,G03,,,,,,,,,,,,,,33,TSA,Giới Phủ,"Tu Hành Thú Nhập <br>
Nhất Thiết Công Đức Hải",nghĩa là tu hành tất cả biển công đức.,https://www.aksharamukha.com/converter,𑖝𑖿𑖭,,Jewel Ax,,Tu Nguyện Thành Tựu,,Cầm Giới Phủ tay trái,,"Si Lu Seng, Ơ Mi Chuê Dê (5x) <br>
Om, Quay La Dê, <br>
Quay La Dê, <br>
Sô Pô Hô (5x)","Syi Lu Seng, E Mu Chywe Ye (5x) <br>
Om, Wei La Ye, <br>
Wei La Ye <br>
So Po He (5x)",,"Om, Suksma Vajra (3x)",Nguyện thành tựu tất cả các pháp căn bản của Thập Địa.,,,,Holding the Axe,,,"Om, Suksma Vajra (3x)",,,https://drive.google.com/file/d/11ZOPdIQaxkEPoaX_JxgDiNa0019QNcmv/view?usp=drive_link,https://drive.google.com/uc?export=download&id=11ZOPdIQaxkEPoaX_JxgDiNa0019QNcmv,https://drive.google.com/file/d/1ueroGqkqAyeEH8JG57oC_ZM_hg2Raxr6/view?usp=drive_link,https://drive.google.com/uc?export=download&id=1ueroGqkqAyeEH8JG57oC_ZM_hg2Raxr6,,,
42.33.4,42,33,4,0,3,42.33.04.00,            42.33.4 - Tu Liên Hoa Bồ Đề Tâm,B168,A,A,1,,,,,,,,,G03,,,,,,,,,,,,,G1,33,TSA,Giới Phủ,"Tu Hành Thú Nhập <br>
Nhất Thiết Công Đức Hải",nghĩa là tu hành tất cả biển công đức.,https://www.aksharamukha.com/converter,𑖝𑖿𑖭,,Jewel Ax,,Tu Liên Hoa Bồ Đề Tâm,,Cầm Giới Phủ tay trái,,"Si Lu Seng, Ơ Mi Chuê Dê (5x) <br>
Om, Quay La Dê, <br>
Quay La Dê, <br>
Sô Pô Hô (5x)","Syi Lu Seng, E Mu Chywe Ye (5x) <br>
Om, Wei La Ye, <br>
Wei La Ye <br>
So Po He (5x)",,"Om, Suksma Vajra (3x)",Nguyện thành tựu tất cả các pháp căn bản của Thập Địa.,,,,Holding the Axe,,,"Om, Suksma Vajra (3x)",,,https://drive.google.com/file/d/11ZOPdIQaxkEPoaX_JxgDiNa0019QNcmv/view?usp=drive_link,https://drive.google.com/uc?export=download&id=11ZOPdIQaxkEPoaX_JxgDiNa0019QNcmv,https://drive.google.com/file/d/1ueroGqkqAyeEH8JG57oC_ZM_hg2Raxr6/view?usp=drive_link,https://drive.google.com/uc?export=download&id=1ueroGqkqAyeEH8JG57oC_ZM_hg2Raxr6,,,
42.34,42,34,0,0,2,42.34.00.00,        42.34 - Tu Hợp Chưởng Quang Minh GHA,A030,H,A,1,,,,,,A18,A18,,A18,,A18,,,,,,,,,,,,34,GHA,Hợp Chưởng,"Trì Nhất Thiết Pháp Vân, <br>
Kiên Cố Hải Tạng",nghĩa là trì giữ mây pháp (chân lý tối thượng) kiên cố như biển rộng (công đức).,𑖑 - siddham letter gha (u+11591) copy and paste - Unicode® symbol,𑖑,,Joined-Palms,,Tu Hợp Chưởng Quang Minh GHA,,Hình dung chủng tử tự trong tay GHA 𑖑,,"Si Li, Si Li <br>
Om, Bô Na Man,<br>
Rơ Ling Hơ Li,<br>
Om, Quay Sa La, Quay Sa La,<br>
Hum Pan Cha (3x)","Syi Li, Syi Li<br>
Om, Bo Na Man<br>
Re Ling He Li.<br>
Om, Wei Sala Wei Sala<br>
Hum Pan Ja (3x)",,,"And I open up the true, the goodness, the beauty in my deep consciousness. May they unfold and emanate this power of truth, of beauty, and of goodness.",,,,Joined Palms,,,,,,https://drive.google.com/file/d/1iZ6S6cVtoTzY99x9JYVNrSMDGm2D1GIC/view?usp=drive_link,https://drive.google.com/uc?export=download&id=1iZ6S6cVtoTzY99x9JYVNrSMDGm2D1GIC,https://drive.google.com/file/d/1u2gJ4VXSyuMW8V-izwZPReOI2wH5amvu/view?usp=drive_link,https://drive.google.com/uc?export=download&id=1u2gJ4VXSyuMW8V-izwZPReOI2wH5amvu,,,
42.34,42,34,0,0,2,42.34.00.00,        42.34 - Tu Hợp Chưởng Quang Minh GHA,A031,H,A,2,,,,,,A19,A19,,A19,,A19,,,,,,,,,,,,34,GHA,Hợp Chưởng,"Trì Nhất Thiết Pháp Vân, <br>
Kiên Cố Hải Tạng",nghĩa là trì giữ mây pháp (chân lý tối thượng) kiên cố như biển rộng (công đức).,𑖑 - siddham letter gha (u+11591) copy and paste - Unicode® symbol,𑖑,,Joined-Palms,,Tu Hợp Chưởng Quang Minh GHA,,,,"Si Li, Si Li <br>
Om, Bô Na Man,<br>
Rơ Ling Hơ Li,<br>
Om, Quay Sa La, Quay Sa La,<br>
Hum Pan Cha (3x)","Syi Li, Syi Li<br>
Om, Bo Na Man<br>
Re Ling He Li.<br>
Om, Wei Sala Wei Sala<br>
Hum Pan Ja (3x)",,,"I open up the Truth, the Goodness and the Beauty in my deep consciousness. I unfold and emanate the power of the Truth, of Beauty and of Goodness.",,,,Hand Giving,,,,,,https://drive.google.com/file/d/1iZ6S6cVtoTzY99x9JYVNrSMDGm2D1GIC/view?usp=drive_link,https://drive.google.com/uc?export=download&id=1iZ6S6cVtoTzY99x9JYVNrSMDGm2D1GIC,https://drive.google.com/file/d/1u2gJ4VXSyuMW8V-izwZPReOI2wH5amvu/view?usp=drive_link,https://drive.google.com/uc?export=download&id=1u2gJ4VXSyuMW8V-izwZPReOI2wH5amvu,,,
42.34,42,34,0,0,2,42.34.00.00,        42.34 - Tu Hợp Chưởng Quang Minh GHA,A032,H,A,3,,,,,,A20,A20,,A20,,A20,,,,,,,,,,,,34,GHA,Hợp Chưởng,"Trì Nhất Thiết Pháp Vân, <br>
Kiên Cố Hải Tạng",nghĩa là trì giữ mây pháp (chân lý tối thượng) kiên cố như biển rộng (công đức).,𑖑 - siddham letter gha (u+11591) copy and paste - Unicode® symbol,𑖑,,Joined-Palms,,Tu Hợp Chưởng Quang Minh GHA,,,,"Si Li, Si Li <br>
Om, Bô Na Man,<br>
Rơ Ling Hơ Li,<br>
Om, Quay Sa La, Quay Sa La,<br>
Hum Pan Cha (3x)","Syi Li, Syi Li<br>
Om, Bo Na Man<br>
Re Ling He Li.<br>
Om, Wei Sala Wei Sala<br>
Hum Pan Ja (3x)","Chắp tay lại, lạy xuống.",,"May I accomplish the Dana Paramita, the practice of giving totally.
Với sức mạnh của Đại Nguyện và Đại Lực Samaya thì con chính là sự bố thí, sự cho ra.",,,,Open Hands,,,,"Close your hands, and bow down","In strength of Samaya, I am actually the generosity, I am Dana.",https://drive.google.com/file/d/1iZ6S6cVtoTzY99x9JYVNrSMDGm2D1GIC/view?usp=drive_link,https://drive.google.com/uc?export=download&id=1iZ6S6cVtoTzY99x9JYVNrSMDGm2D1GIC,https://drive.google.com/file/d/1u2gJ4VXSyuMW8V-izwZPReOI2wH5amvu/view?usp=drive_link,https://drive.google.com/uc?export=download&id=1u2gJ4VXSyuMW8V-izwZPReOI2wH5amvu,,,
42.34,42,34,0,0,2,42.34.00.00,        42.34 - Tu Nguyện Thành Tựu,B169,A,A,1,E34,E34,,,E01,,,,E27,E31,,E31,,,,,,,,,,,34,GHA,Hợp Chưởng,"Trì Nhất Thiết Pháp Vân, <br>
Kiên Cố Hải Tạng",nghĩa là trì giữ mây pháp (chân lý tối thượng) kiên cố như biển rộng (công đức).,𑖑 - siddham letter gha (u+11591) copy and paste - Unicode® symbol,𑖑,,Joined-Palms,,Tu Nguyện Thành Tựu,"Tay Cho Ra, Mắt Tri Ân",Tay Hợp Chưởng,,"Si Li, Si Li (5x) <br>
Om, Bô Na Man, <br>
Rơ Ling Hơ Li, <br>
Om, Quay Sa La, Quay Sa La, <br>
Hum Pan Cha (5x)","Syi Li, Syi Li (5x) <br>
Om, Bo Na Man <br>
Re Ling He Li. <br>
Om, Wei Sala Wei Sala <br>
Hum Pan Ja (5x)",,,Tôi khai mở và cho ra.  Tôi khai mở tự tánh quang minh.,,,"Hand Giving, Eyes of Gratitube",Joined Palms,,,,,"I am open, and I give.  I open up the ever-present light.",https://drive.google.com/file/d/1iZ6S6cVtoTzY99x9JYVNrSMDGm2D1GIC/view?usp=drive_link,https://drive.google.com/uc?export=download&id=1iZ6S6cVtoTzY99x9JYVNrSMDGm2D1GIC,https://drive.google.com/file/d/1u2gJ4VXSyuMW8V-izwZPReOI2wH5amvu/view?usp=drive_link,https://drive.google.com/uc?export=download&id=1u2gJ4VXSyuMW8V-izwZPReOI2wH5amvu,,,
42.34,42,34,0,0,2,42.34.00.00,        42.34 - Tu bản thể Pháp Bảo,B170,A,A,2,,,,,E02,,,,E28,E32,,E32,,,,,,,,,,,34,GHA,Hợp Chưởng,"Trì Nhất Thiết Pháp Vân, <br>
Kiên Cố Hải Tạng",nghĩa là trì giữ mây pháp (chân lý tối thượng) kiên cố như biển rộng (công đức).,𑖑 - siddham letter gha (u+11591) copy and paste - Unicode® symbol,𑖑,,Joined-Palms,,Tu bản thể Pháp Bảo,,Tay Cho Ra,,"Si Li, Si Li (5x) <br>
Om, Bô Na Man, <br>
Rơ Ling Hơ Li, <br>
Om, Quay Sa La, Quay Sa La, <br>
Hum Pan Cha (5x)","Syi Li, Syi Li (5x) <br>
Om, Bo Na Man <br>
Re Ling He Li. <br>
Om, Wei Sala Wei Sala <br>
Hum Pan Ja (5x)",,,"Tôi khai mở Chân, Thiện, Mỹ trong tạng thức.",,,,Hand Giving,,,,,"I open up Truth, Goodness and Beauty in my deep consciousness.",https://drive.google.com/file/d/1iZ6S6cVtoTzY99x9JYVNrSMDGm2D1GIC/view?usp=drive_link,https://drive.google.com/uc?export=download&id=1iZ6S6cVtoTzY99x9JYVNrSMDGm2D1GIC,https://drive.google.com/file/d/1u2gJ4VXSyuMW8V-izwZPReOI2wH5amvu/view?usp=drive_link,https://drive.google.com/uc?export=download&id=1u2gJ4VXSyuMW8V-izwZPReOI2wH5amvu,,,
42.34,42,34,0,0,2,42.34.00.00,        42.34 - Tu tác dụng của Pháp Bảo,B171,A,A,3,,,,,E03,,,,E29,E33,,E33,,,,,,,,,,,34,GHA,Hợp Chưởng,"Trì Nhất Thiết Pháp Vân, <br>
Kiên Cố Hải Tạng",nghĩa là trì giữ mây pháp (chân lý tối thượng) kiên cố như biển rộng (công đức).,𑖑 - siddham letter gha (u+11591) copy and paste - Unicode® symbol,𑖑,,Joined-Palms,,Tu tác dụng của Pháp Bảo,,Tay Mở Rộng,,"Si Li, Si Li (5x) <br>
Om, Bô Na Man, <br>
Rơ Ling Hơ Li, <br>
Om, Quay Sa La, Quay Sa La, <br>
Hum Pan Cha (5x)","Syi Li, Syi Li (5x) <br>
Om, Bo Na Man <br>
Re Ling He Li. <br>
Om, Wei Sala Wei Sala <br>
Hum Pan Ja (5x)",,,Tôi thành tựu Bố Thí Ba La Mật.,,,,Open Hands,,,,,I accomplish the Giving Paramita.,https://drive.google.com/file/d/1iZ6S6cVtoTzY99x9JYVNrSMDGm2D1GIC/view?usp=drive_link,https://drive.google.com/uc?export=download&id=1iZ6S6cVtoTzY99x9JYVNrSMDGm2D1GIC,https://drive.google.com/file/d/1u2gJ4VXSyuMW8V-izwZPReOI2wH5amvu/view?usp=drive_link,https://drive.google.com/uc?export=download&id=1u2gJ4VXSyuMW8V-izwZPReOI2wH5amvu,,,
42.34,42,34,0,0,2,42.34.00.00,        42.34 - Chuyển Hóa,B172,A,A,4,,,,,,,,,,,,,,,,,,,,,,,34,GHA,Hợp Chưởng,"Trì Nhất Thiết Pháp Vân, <br>
Kiên Cố Hải Tạng",nghĩa là trì giữ mây pháp (chân lý tối thượng) kiên cố như biển rộng (công đức).,𑖑 - siddham letter gha (u+11591) copy and paste - Unicode® symbol,𑖑,,Joined-Palms,,Chuyển Hóa,,Tay Hợp Chưởng,,"Si Li, Si Li (5x) <br>
Om, Bô Na Man, <br>
Rơ Ling Hơ Li, <br>
Om, Quay Sa La, Quay Sa La, <br>
Hum Pan Cha (5x)","Syi Li, Syi Li (5x) <br>
Om, Bo Na Man <br>
Re Ling He Li. <br>
Om, Wei Sala Wei Sala <br>
Hum Pan Ja (5x)",,,Nguyện thành tự thủ xuất quảng cúng tam muội,,,,Joined Palms,,,,,,https://drive.google.com/file/d/1iZ6S6cVtoTzY99x9JYVNrSMDGm2D1GIC/view?usp=drive_link,https://drive.google.com/uc?export=download&id=1iZ6S6cVtoTzY99x9JYVNrSMDGm2D1GIC,https://drive.google.com/file/d/1u2gJ4VXSyuMW8V-izwZPReOI2wH5amvu/view?usp=drive_link,https://drive.google.com/uc?export=download&id=1u2gJ4VXSyuMW8V-izwZPReOI2wH5amvu,,,
42.34.4,42,34,4,0,3,42.34.04.00,            42.34.4 - Tu Liên Hoa Bồ Đề Tâm,A063,L,A,23,,,,,,,,,X23,,,,,,,,,,,,,,34,GHA,Hợp Chưởng,"Trì Nhất Thiết Pháp Vân, <br>
Kiên Cố Hải Tạng",nghĩa là trì giữ mây pháp (chân lý tối thượng) kiên cố như biển rộng (công đức).,𑖑 - siddham letter gha (u+11591) copy and paste - Unicode® symbol,𑖑,,Joined-Palms,,Tu Liên Hoa Bồ Đề Tâm,,,,"Si Li, Si Li<br>
Om, Bô Na Man, <br>
Rơ Ling Hơ Li, <br>
Om, Quay Sa La, Quay Sa La, <br>
Hum Pan Cha","Syi Li, Syi Li
Om, Bo Na Man
Re Ling He Li.
Om, Wei Sala Wei Sala
Hum Pan Ja",,,,,,,,,,,,,https://drive.google.com/file/d/1iZ6S6cVtoTzY99x9JYVNrSMDGm2D1GIC/view?usp=drive_link,https://drive.google.com/uc?export=download&id=1iZ6S6cVtoTzY99x9JYVNrSMDGm2D1GIC,https://drive.google.com/file/d/1u2gJ4VXSyuMW8V-izwZPReOI2wH5amvu/view?usp=drive_link,https://drive.google.com/uc?export=download&id=1u2gJ4VXSyuMW8V-izwZPReOI2wH5amvu,,,
42.35,42,35,0,0,2,42.35.00.00,        42.35 - Tu Nguyện Thành Tựu,B173,A,A,1,E35,E35,,,,,,,,,,,,,,,,,,,,,35,ṬHA (TTHA),Thủ Thượng Hóa Phật,"Tùy Nguyện Phổ Kiến <br>
Thập Phương Chư Phật","nghĩa là tùy nguyện, thấy khắp hết thảy chư Phật ở mười phương.",𑖙 - siddham letter ttha (u+11599) copy and paste - Unicode® symbol,𑖙,,Transformation Buddha Kwan Yin,,Tu Nguyện Thành Tựu,,,,"Ơ La Shen (5x) <br>
Om, Chan Nô La, <br>
Pơ Han Cha Li, Cha Li Nô, <br>
Chi Li Nô, Chi Li Ni, <br>
Hum Pan Cha (5x)","E La Shen (5x) <br>
Om, Jan No La, <br>
Pe Han Ja Li, Jya Li No, <br>
Chi Li No, Chi Li Ni <br>
Hum Pan Ja (5x)",,"Om, Suksma Vajra (3x)",Tôi là Hóa Phật Quan Âm với Thiên Thủ Thiên Nhãn,,,,,,,"Om, Suksma Vajra (3x)",,,https://drive.google.com/file/d/1OB_fYgTtNyFuALIDF6tjLm39u4xyUVn9/view?usp=drive_link,https://drive.google.com/uc?export=download&id=1OB_fYgTtNyFuALIDF6tjLm39u4xyUVn9,https://drive.google.com/file/d/10GcXK27WtkrFreeXMguTNhWoDP2LtPk-/view?usp=drive_link,https://drive.google.com/uc?export=download&id=10GcXK27WtkrFreeXMguTNhWoDP2LtPk-,,,
42.35,42,35,0,0,2,42.35.00.00,        42.35 - Tu bản thể Pháp Bảo,B174,A,A,2,,,,,,,,,,,,,,,,,,,,,,,35,ṬHA (TTHA),Thủ Thượng Hóa Phật,"Tùy Nguyện Phổ Kiến <br>
Thập Phương Chư Phật","nghĩa là tùy nguyện, thấy khắp hết thảy chư Phật ở mười phương.",𑖙 - siddham letter ttha (u+11599) copy and paste - Unicode® symbol,𑖙,,Transformation Buddha Kwan Yin,,Tu bản thể Pháp Bảo,,"Hình dung mình trong hình dạng Đức Phật có 1000 tay, 100 mắt.",,"Ơ La Shen (5x) <br>
Om, Chan Nô La, <br>
Pơ Han Cha Li, Cha Li Nô, <br>
Chi Li Nô, Chi Li Ni, <br>
Hum Pan Cha (5x)","E La Shen (5x) <br>
Om, Jan No La, <br>
Pe Han Ja Li, Jya Li No, <br>
Chi Li No, Chi Li Ni <br>
Hum Pan Ja (5x)",,"Om, Suksma Vajra (3x)",Tôi là Hóa Phật Thiên Thủ Thiên Nhãn Quan Âm.,,,,,,,"Om, Suksma Vajra (3x)",,,https://drive.google.com/file/d/1OB_fYgTtNyFuALIDF6tjLm39u4xyUVn9/view?usp=drive_link,https://drive.google.com/uc?export=download&id=1OB_fYgTtNyFuALIDF6tjLm39u4xyUVn9,https://drive.google.com/file/d/10GcXK27WtkrFreeXMguTNhWoDP2LtPk-/view?usp=drive_link,https://drive.google.com/uc?export=download&id=10GcXK27WtkrFreeXMguTNhWoDP2LtPk-,,,
42.36,42,36,0,0,2,42.36.00.00,        42.36 - Tu Nguyện Thành Tựu,B175,A,A,1,E36,E29,,,,,,,E37,E41,,E41,,,,,,,,,,,36,ṆA (NNA),Sổ Châu,"Quán Sát Tự Luân, <br>
Hữu Vô Tận Chư Ức Tự","nghĩa là quán sát mỗi chủng tử tự, biết có vô tận chủng tử tự khác.",𑖜 - siddham letter nna (u+1159C) copy and paste - Unicode® symbol,𑖜,,Jewel Beads,,Tu Nguyện Thành Tựu,,"Cầm Sổ Châu bằng 2 tay.  Mẫu châu ở giữa, với 2 hạt châu mỗi bên.",,"Fô La Shơ Li (5x) <br>
Na Mô La Đa Nang, <br>
Đa La Dê Dê, <br>
Om, Ơ Nô Pơ Đi, <br>
Quay Rơ Di, Si Đi Si Tô Li Ti, <br>
Sô Pô Hô (5x)","Fo La She Li (5x) <br>
Namo La Da Nang <br>
Da La Ye Ye <br>
Om, E No Pe Di <br>
Wei Re Yi Syi Di Syi, To Li Ti <br>
So Po He (5x)",,"Om, Suksma Vajra (3x)",Nguyện thành tựu tâm thức Vô Lậu,Nguyện thành tựu Nhất Thiết Chủng Trí. ,,,"Holding the Jewel Beads with 2 hands.  The mother bead is in the middle, siding with 2 beads per side.",,,"Om, Suksma Vajra (3x)",,I vow to realize the wisdom of all Siddham,https://drive.google.com/file/d/1r8WBDaQI23S6d6DwGP_V59q0068Z_b8F/view?usp=drive_link,https://drive.google.com/uc?export=download&id=1r8WBDaQI23S6d6DwGP_V59q0068Z_b8F,https://drive.google.com/file/d/1KBJikRh-aQhiCpqU-YsOfsPpvqlevCKK/view?usp=drive_link,https://drive.google.com/uc?export=download&id=1KBJikRh-aQhiCpqU-YsOfsPpvqlevCKK,,,
42.36.4,42,36,4,0,3,42.36.04.00,            42.36.4 - Tu Liên Hoa Bồ Đề Tâm,A045,L,A,5,,,,,,,,,X05,,,,,,,,,X04,,,,B4,36,ṆA (NNA),Sổ Châu,"Quán Sát Tự Luân, <br>
Hữu Vô Tận Chư Ức Tự","nghĩa là quán sát mỗi chủng tử tự, biết có vô tận chủng tử tự khác.",𑖜 - siddham letter nna (u+1159C) copy and paste - Unicode® symbol,𑖜,,Jewel Beads,,Tu Liên Hoa Bồ Đề Tâm,,"Quán tưởng CTT ṆA 𑖜, ngang tầm tâm luân, phía sau CTT RA",,"Fô La Shơ Li<br>
Na Mô La Đa Nang, <br>
Đa La Dê Dê, <br>
Om, Ơ Nô Pơ Đi, <br>
Quay Rơ Di, Si Đi Si Tô Li Ti, <br>
Sô Pô Hô","Fo La She Li
Namo La Da Nang
Da La Ye Ye
Om, E No Pe Di
Wei Re Yi Syi Di Syi, To Li Ti
So Po He",,,,,,,,,,,,,https://drive.google.com/file/d/1r8WBDaQI23S6d6DwGP_V59q0068Z_b8F/view?usp=drive_link,https://drive.google.com/uc?export=download&id=1r8WBDaQI23S6d6DwGP_V59q0068Z_b8F,https://drive.google.com/file/d/1KBJikRh-aQhiCpqU-YsOfsPpvqlevCKK/view?usp=drive_link,https://drive.google.com/uc?export=download&id=1KBJikRh-aQhiCpqU-YsOfsPpvqlevCKK,,,
42.37,42,37,0,0,2,42.37.00.00,        42.37 - Tu Nguyện Thành Tựu,B176,A,A,0,E37,E38,,,,,,,F03,,,,,,,,,,,,,,37,PHA,Bất Thoái Luân,Hóa Chúng Sinh Cứu Cánh Xứ,nghĩa là cảnh giới çứu cánh của việc hóa độ chúng sinh.,𑖣 - siddham letter pha (u+115A3) copy and paste - Unicode® symbol,𑖣,,Non-retreating Dharma Wheel,,Tu Nguyện Thành Tựu,,"Ấn chuyển Pháp Luân:
2 bàn tay thẳng góc. Tạo ra 2 vòng tròn: Tay phải để ra trước mặt,làm vòng tròn. Tay trái nằm ngang ở dưới cũng làm vòng tròn, 2 vòng tròn chạm nhau.
",,"Pu Ti Dê (5x) <br>
Om, Shơ Nô Mi Đô, <br>
Sô Pô Hô (5x)","Pu Ti Ye (5x) <br>
Om, She No Mi Dzo <br>
So Po He (5x)",,"Om, Suksma Vajra (3x)",Nguyện chuyển Vô tận Chính Pháp Luân tới tận cùng vị lai kiếp tế và thành tựu Pháp Thập Thông,,,,,,,"Om, Suksma Vajra (3x)",,I vow to turn the Non-retreating Dharma Wheel life after life until the end of future time and accomplish 10 Penetrations.,https://drive.google.com/file/d/1OIQw8tZwA87YAZ9OJNhc6-LE7MbK8YYm/view?usp=drive_link,https://drive.google.com/uc?export=download&id=1OIQw8tZwA87YAZ9OJNhc6-LE7MbK8YYm,https://drive.google.com/file/d/1tgYRUBkpjjc7EdAheqBuNfRVY5gXbSxA/view?usp=drive_link,https://drive.google.com/uc?export=download&id=1tgYRUBkpjjc7EdAheqBuNfRVY5gXbSxA,,,
42.38,42,38,0,0,2,42.38.00.00,        42.38 - Tu Nguyện Thành Tựu,B177,A,A,1,E38,E37,,,,,,,F02,,,,,,,,,,,,,,38,SKA,Bảo Kinh,"Quảng Đại Tạng Vô Ngại Biện, <br>
Quang Minh Luân Biến Chiếu","nghĩa là biện tài vô ngại từ kho tàng (trí huệ) rộng lớn, chiếu tỏa quang minh khắp mọi phạm trù.",,𑖭𑖿𑖎,,Precious Sutra,,Tu Nguyện Thành Tựu,,,,"Si Tô Dê, Sô Pô Hô <br>
Mô Hô Si Tô Dê, Sô Pô Hô (5x) <br>
Om, Ơ Hơ La Sa La Qua Ni, <br>
Ni Dê Tô La, Bu Ni Đi, <br>
Sô Pô Hô (5x)","Syi To Ye, So Po He. <br>
Mo He Syi To Ye, So Po He (5x) <br>
Om, E He La Sa La Wa Ni, <br>
Ni Ye To La, Bu Ni Di, <br>
So Po He (5x)",,"Om, Suksma Vajra (3x)","- Nguyện thâm nhập vào Dalani bí mật tạng của tất cả chư Phật, chư bồ tát và làm cho tất cả chúng sinh Thâm nhập kinh tạng, Trí huệ như hải, <br>
-  Và nguyện thành tựu Pháp Thập Định, <br>
-  Nguyện thành tựu Vô lượng Trí Tuệ Phương Tiện, đọc, nhớ và hiểu tất cả kinh điển Đại thừa, tất cả lời Phật thuyết, tất cả chân lý <br>
-  Thành tựu tất cả Vô Ngại Biện Tài, Pháp vô ngại biện, Nghĩa vô ngại biện, Từ vô ngại biện và Nhạo thuyết vô ngại biện; (do vậy) diễn giảng lại (ý nghĩa nhiệm mầu sâu xa) cho chúng sinh.",,,,,,,"Om, Suksma Vajra (3x)",,"- I vow enter into the hidden dharani treasury of all Buddhas and bodhisattas, and thus cause all living beings to enter into the Sutra Treasury and expand their wisdom to as vast as the sea.
- I vow to realize the dharma of Ten Samadhi.",https://drive.google.com/file/d/1kA2pY5GNCaMc_GAs1fqxgyeDc2K2prll/view?usp=drive_link,https://drive.google.com/uc?export=download&id=1kA2pY5GNCaMc_GAs1fqxgyeDc2K2prll,https://drive.google.com/file/d/1h09LU83SdAN1wuNpdCd0J7SxLRqGRbAj/view?usp=drive_link,https://drive.google.com/uc?export=download&id=1h09LU83SdAN1wuNpdCd0J7SxLRqGRbAj,,,
42.39,42,39,0,0,2,42.39.00.00,        42.39 - Tu Nguyện Thành Tựu,B178,A,A,1,E39,E39,,,,,,,E38,E42,E10,E42,,,,,,,,,,,39,YSA,Thiên Diệp Bảo Liên,"Tuyên Thuyết Nhất Thiết <br>
Phật Pháp Cảnh Giới ",nghĩa là tuyên thuyết tất cả cảnh giới của Phật pháp.,,𑖧𑖿𑖭,,Transformation Buddha Atop The Crown,,Tu Nguyện Thành Tựu,,"Ấn Thiên Diệp Bảo Liên;
2 bàn tay chụm lại, 2 ngón cái và 2 ngón út chạm nhau.
Đưa 2 tay TDBL lên đầu xả ấn và đọc chú LN 29 câu +tâm chú LN x3

Hình dung Liên hoa ngàn cánh nhỏ nơi tay và chủng tử YSA .
",,"Pu Tô Dê (5x) <br>
Om, Qua Zư Li Ni, <br>
Qua Zư Lan Di, <br>
Sô Pô Hô (5x)","Pu To Ye (5x) <br>
Om, Wa Dz Li Ni, <br>
Wa Dz Lan Yi, <br>
So Po He (5x) ",,"Om, Suksma Vajra (3x)","Nguyện thành tựu Thiên Diệp Bảo Liên, <br>

Phật thành Quang Minh thấm thấu vào tâm thức của mọi chúng sinh, <br>
Nguyện thể nhập Chủ Bạn Nghiêm Lệ Tam Muội, và <br>
Thành tựu Pháp Thập Nhẫn.
",,Đỉnh Thượng Hóa Phật,,"Two hands form the lotus with the thumbs and little fingers touching
When forming the 2 hands, visualize the small Thousand-petal lotus and syllable YSA.",,,"Om, Suksma Vajra (3x)",,Vow to realize The Thousand Petal Lotus.,https://drive.google.com/file/d/1YWr5lEm-gATmvemYVGFZhTKkTqQ_vznI/view?usp=drive_link,https://drive.google.com/uc?export=download&id=1YWr5lEm-gATmvemYVGFZhTKkTqQ_vznI,https://drive.google.com/file/d/1EzxuLQcx1o7-t0-YPvVE_ltmiNe_3Abr/view?usp=drive_link,https://drive.google.com/uc?export=download&id=1EzxuLQcx1o7-t0-YPvVE_ltmiNe_3Abr,,,
42.39.4,42,39,4,0,3,42.39.04.00,            42.39.4 - Tu Liên Hoa Bồ Đề Tâm,A062,L,A,22,,,,,,,,,X22,,,,,,,,,,,,,G3,39,YSA,Đỉnh Thượng Hóa Phật,"Tuyên Thuyết Nhất Thiết <br>
Phật Pháp Cảnh Giới ",nghĩa là tuyên thuyết tất cả cảnh giới của Phật pháp.,,𑖧𑖿𑖭,,Transformation Buddha Atop The Crown,,Tu Liên Hoa Bồ Đề Tâm,,Quán tưởng CTT YSA 𑖧𑖿𑖭 ở phía trên đỉnh đầu 1 sải tay,,"Pu Tô Dê<br>
Om, Qua Zư Li Ni, <br>
Qua Zư Lan Di, <br>
Sô Pô Hô","Pu To Ye
Om, Wa Dz Li Ni,
Wa Dz Lan Yi,
So Po He",,,,,,,,,,,,,https://drive.google.com/file/d/1YWr5lEm-gATmvemYVGFZhTKkTqQ_vznI/view?usp=drive_link,https://drive.google.com/uc?export=download&id=1YWr5lEm-gATmvemYVGFZhTKkTqQ_vznI,https://drive.google.com/file/d/1EzxuLQcx1o7-t0-YPvVE_ltmiNe_3Abr/view?usp=drive_link,https://drive.google.com/uc?export=download&id=1EzxuLQcx1o7-t0-YPvVE_ltmiNe_3Abr,,,
42.40,42,40,0,0,2,42.40.00.00,        42.40 - Nguyện thành tựu chuyển hóa vật thể thành Pháp Bảo,B179,A,A,1,E40,E27,,,,Y01,E01,,F04,E44,E11,E44,,,,,,,,,,,40,ŚCA (SHCA),Bảo Loa,"Ư Nhất Thiết Chúng Sinh Giới, <br>
Pháp Lôi Biến Hấu",nghĩa là rống lên lời pháp như sấm sét khắp mọi cõi chúng sinh.,,𑖫𑖿𑖓,,Conch Shell,,Nguyện thành tựu chuyển hóa vật thể thành Pháp Bảo,Làm cho chúng sinh đoàn kết với nhau. Chuyển hóa tánh xấu thành ra tánh tốt. Không ngừng cải thiện chính mình.  Làm thức tỉnh những điều tốt lành ở dưới tiềm thức và đem những điều này lên trên.,"Cầm Bảo Loa trên tay phải, miệng Bảo Loa hướng vào trong, ngang tâm oa.",,"Chu Lu Chu Lu (5x) <br>
Om, Shang Chê Li, <br>
Mô Hô San Man Den, <br>
Sô Pô Hô (5x)","Jyu Lu Jyu Lu (5x) <br>
Om, Shang Jye Li <br>
Mo He San Man Yen <br>
So Po He (5x)",,"Om, Suksma Vajra (3x)","Nguyện thành tựu Đại Hỷ Lực để chuyển hóa 5 thứ phiền não: <br>
 <br>
1. Lòng buồn rầu, sầu khổ <br>
2. Vết thương lòng <br>
3. Thói chấp kẹt vào quá khứ <br>
4. Tánh âu lo, trầm cảm <br>
5. Lòng sợ hãi mất vui <br>
 <br>
Do vậy đem Thiền Duyệt và Pháp Lạc tới mọi thời, mọi chốn. <br>
Con nguyện thành tựu Tứ Nhiếp Nhiếp Sinh Tam Muội.",,,,Holding the Conch Shell,,,"Om, Suksma Vajra (3x)","Xin sức mạnh của pháp Bảo loa này đem lại niềm vui và lành trị tất cả những người đang có tâm bệnh, nỗi buồn và đau khổ trong tâm.<br> 
Con xin thành tâm khẩn cầu Đức Đại Từ Đại Bi Quán Thế Âm Bồ Tát ban bố cho con sứ mạng, sức mạnh và khả năng để con chuyển hoá 5 việc:<br><br>
1- phiền muộn, những nỗi buồn khổ<br>
2- những vết thương lòng<br>
3- những chấn động làm kẹt trong quá khứ<br>
4- những thói tánh, tập khí đã trở thành điểm mù (schema)<br>
5- những nỗi bất an hoặc thiếu vắng niềm vui. <br><br>
do đó thành tựu thiền duyệt và pháp lạc ở mọi thời, mọi chốn; và nguyện thành tựu Tứ Nhiếp Nhiếp Sinh tam muội.<br>

Tôi là cái lò luyện kim tâm linh, chuyển hóa bóng tối thành ánh sáng","I vow to realize the Power of Great Joy to resolve the 5 kinds of afflictions:
1. All the griefs, sorrows, sadness and suffering
2. All the emotion wounds / schemas
3. All the attachment to the past
4. All the worries and depression
5. All the fears that lead to the deprivation of joy and happiness
And thus, accomplish the dharma joy, and dyana bliss at all times and in all spaces; and realize the Four Kinds of Gathering Dharma (Samadhis).",https://drive.google.com/file/d/1qSlK8RtuCvv5ZkKo13I_QDpr2WqbKNFT/view?usp=drive_link,https://drive.google.com/uc?export=download&id=1qSlK8RtuCvv5ZkKo13I_QDpr2WqbKNFT,https://drive.google.com/file/d/1yO0-bHg9EGP7Eo5jpnXLy6vec4-HK7Wj/view?usp=drive_link,https://drive.google.com/uc?export=download&id=1yO0-bHg9EGP7Eo5jpnXLy6vec4-HK7Wj,,,
42.40,42,40,0,0,2,42.40.00.00,        42.40 - Tu bản thể Pháp Bảo,B180,A,A,2,,,,,,Y02,E02,,F08,,,,,,,,,,,,,,40,ŚCA (SHCA),Bảo Loa,"Ư Nhất Thiết Chúng Sinh Giới, <br>
Pháp Lôi Biến Hấu",nghĩa là rống lên lời pháp như sấm sét khắp mọi cõi chúng sinh.,,𑖫𑖿𑖓,,Conch Shell,,Tu bản thể Pháp Bảo,Làm cho chúng sinh đoàn kết với nhau. Chuyển hóa tánh xấu thành ra tánh tốt. Không ngừng cải thiện chính mình.  Làm thức tỉnh những điều tốt lành ở dưới tiềm thức và đem những điều này lên trên.,"Cầm Bảo Loa trên tay phải, miệng Bảo Loa hướng vào trong, ngang tâm oa.<br>
Quán Chủng Tử Tự ŚCA ở ngay miệng Pháp Bảo.",,"Chu Lu Chu Lu <br>
Om, Shang Chê Li, <br>
Mô Hô San Man Den, <br>
Sô Pô Hô (108x)","Jyu Lu Jyu Lu <br>
Om, Shang Jye Li <br>
Mo He San Man Yen <br>
So Po He (108x)",,"Om, Suksma Vajra (3x)",,,,,Focus on ŚCA,,,"Om, Suksma Vajra (3x)",,,https://drive.google.com/file/d/1qSlK8RtuCvv5ZkKo13I_QDpr2WqbKNFT/view?usp=drive_link,https://drive.google.com/uc?export=download&id=1qSlK8RtuCvv5ZkKo13I_QDpr2WqbKNFT,https://drive.google.com/file/d/1yO0-bHg9EGP7Eo5jpnXLy6vec4-HK7Wj/view?usp=drive_link,https://drive.google.com/uc?export=download&id=1yO0-bHg9EGP7Eo5jpnXLy6vec4-HK7Wj,,,
42.40,42,40,0,0,2,42.40.00.00,        42.40 - Tu tác dụng của Pháp Bảo,B181,A,A,3,,,,,,Y03,E03,,,,,,,,,,,,,,,,40,ŚCA (SHCA),Bảo Loa,"Ư Nhất Thiết Chúng Sinh Giới, <br>
Pháp Lôi Biến Hấu",nghĩa là rống lên lời pháp như sấm sét khắp mọi cõi chúng sinh.,,𑖫𑖿𑖓,,Conch Shell,,Tu tác dụng của Pháp Bảo,Làm cho chúng sinh đoàn kết với nhau. Chuyển hóa tánh xấu thành ra tánh tốt. Không ngừng cải thiện chính mình.  Làm thức tỉnh những điều tốt lành ở dưới tiềm thức và đem những điều này lên trên.,"Cầm Bảo Loa trên tay phải, miệng Bảo Loa hướng vào trong, ngang tâm oa.<br>
Quán Chủng Tử Tự ŚCA ở ngay miệng Pháp Bảo, thu hút bóng tối bên dưới vào miệng Pháp Bảo, chuyển hóa theo vòng xoán trôn, và phát ánh sáng quang mình từ phía trên Pháp Bảo.
",,"Chu Lu Chu Lu <br>
Om, Shang Chê Li, <br>
Mô Hô San Man Den, <br>
Sô Pô Hô (108x)","Jyu Lu Jyu Lu <br>
Om, Shang Jye Li <br>
Mo He San Man Yen <br>
So Po He (108x)",,"Om, Suksma Vajra (3x)",,,,,Visualize the darkness becomes into the light.,,,"Om, Suksma Vajra (3x)",,,https://drive.google.com/file/d/1qSlK8RtuCvv5ZkKo13I_QDpr2WqbKNFT/view?usp=drive_link,https://drive.google.com/uc?export=download&id=1qSlK8RtuCvv5ZkKo13I_QDpr2WqbKNFT,https://drive.google.com/file/d/1yO0-bHg9EGP7Eo5jpnXLy6vec4-HK7Wj/view?usp=drive_link,https://drive.google.com/uc?export=download&id=1yO0-bHg9EGP7Eo5jpnXLy6vec4-HK7Wj,,,
42.40,42,40,0,0,2,42.40.00.00,        42.40 - Nguyện thành tựu chuyển hóa Pháp Bảo thành Tâm Bảo (tác dụng),B182,A,B,1,,,,,,Y04,E04,,,,,,,,,,,,,,,,40,ŚCA (SHCA),Bảo Loa,"Ư Nhất Thiết Chúng Sinh Giới, <br>
Pháp Lôi Biến Hấu",nghĩa là rống lên lời pháp như sấm sét khắp mọi cõi chúng sinh.,,𑖫𑖿𑖓,,Conch Shell,,Nguyện thành tựu chuyển hóa Pháp Bảo thành Tâm Bảo (tác dụng),"Biến tâm thức Vị Ngã thành tâm thức Vị Tha.  Biến phiền não, u tối thành sự sáng suốt, trí huệ. Hình tướng của Bảo Loa là thông, có đầu vô và có đầu ra, do đó khi tu Bảo Loa ta sẽ không còn tích chứa những tư tưởng đen tối như trả đũa, trả thù (vì tức giận, thù hằn), những cảm xúc buồn khổ, lo lắng, sợ hãi nữa.  Giúp ta trở thành sức mạnh để chuyển hóa những người đầy đau khổ, phiền muộn, tối tăm, khiến họ thức tỉnh tánh tốt sẵn có, phát huy thiện căn và chuyển hóa những bóng tối trong nội tâm họ.","Cầm Bảo Loa trên tay phải, miệng Bảo Loa hướng vào trong, ngang tâm oa.",,"Chu Lu Chu Lu (5x) <br>
Om, Shang Chê Li, <br>
Mô Hô San Man Den, <br>
Sô Pô Hô (5x)","Jyu Lu Jyu Lu (5x) <br>
Om, Shang Jye Li <br>
Mo He San Man Yen <br>
So Po He (5x)",,"Om, Tistha Vajra (3x)","Xin đức Quan Thế Âm bồ tát gia trì cho chúng con để cái thân của con thành trung tâm chuyển hóa, chuyển hóa bóng tối thành ánh sáng, chuyển hóa phiền não thành bồ đề và chuyển hóa tất cả tập khí thói xấu, thói quen xấu thành quang minh vô lậu.",,,,Holding the Conch Shell,,,"Om, Tistha Vajra (3x)",,"May Kuan Shr Yin bodhisattva empower this body become into the center of transformation so that I can transform the darkness into the light, transform the afflictions into bodhi, transform the bad habit energy into the light of non-outflow.",https://drive.google.com/file/d/1qSlK8RtuCvv5ZkKo13I_QDpr2WqbKNFT/view?usp=drive_link,https://drive.google.com/uc?export=download&id=1qSlK8RtuCvv5ZkKo13I_QDpr2WqbKNFT,https://drive.google.com/file/d/1yO0-bHg9EGP7Eo5jpnXLy6vec4-HK7Wj/view?usp=drive_link,https://drive.google.com/uc?export=download&id=1yO0-bHg9EGP7Eo5jpnXLy6vec4-HK7Wj,,,
42.40,42,40,0,0,2,42.40.00.00,        42.40 - Tu bản thể Tâm Bảo trên thân,B183,A,B,2,,,,,,Y05,E05,,,,,,,,,,,,,,,,40,ŚCA (SHCA),Bảo Loa,"Ư Nhất Thiết Chúng Sinh Giới, <br>
Pháp Lôi Biến Hấu",nghĩa là rống lên lời pháp như sấm sét khắp mọi cõi chúng sinh.,,𑖫𑖿𑖓,,Conch Shell,,Tu bản thể Tâm Bảo trên thân,"Biến tâm thức Vị Ngã thành tâm thức Vị Tha.  Biến phiền não, u tối thành sự sáng suốt, trí huệ. Hình tướng của Bảo Loa là thông, có đầu vô và có đầu ra, do đó khi tu Bảo Loa ta sẽ không còn tích chứa những tư tưởng đen tối như trả đũa, trả thù (vì tức giận, thù hằn), những cảm xúc buồn khổ, lo lắng, sợ hãi nữa.  Giúp ta trở thành sức mạnh để chuyển hóa những người đầy đau khổ, phiền muộn, tối tăm, khiến họ thức tỉnh tánh tốt sẵn có, phát huy thiện căn và chuyển hóa những bóng tối trong nội tâm họ.",Không cần Pháp Bảo nữa. Trì chú thành tiếng.  Quán Chủng Tử Tự ŚCA ở tâm oa.,,"Chu Lu Chu Lu <br>
Om, Shang Chê Li, <br>
Mô Hô San Man Den, <br>
Sô Pô Hô (108x)","Jyu Lu Jyu Lu (5x) <br>
Om, Shang Jye Li <br>
Mo He San Man Yen <br>
So Po He (108x)",,"Om, Tistha Vajra (3x)",,,,,Holding the Conch Shell,,,"Om, Tistha Vajra (3x)",,,https://drive.google.com/file/d/1qSlK8RtuCvv5ZkKo13I_QDpr2WqbKNFT/view?usp=drive_link,https://drive.google.com/uc?export=download&id=1qSlK8RtuCvv5ZkKo13I_QDpr2WqbKNFT,https://drive.google.com/file/d/1yO0-bHg9EGP7Eo5jpnXLy6vec4-HK7Wj/view?usp=drive_link,https://drive.google.com/uc?export=download&id=1yO0-bHg9EGP7Eo5jpnXLy6vec4-HK7Wj,,,
42.40,42,40,0,0,2,42.40.00.00,        42.40 - Tu tác dụng Tâm Bảo trên thân,B184,A,B,3,,,,,,Y06,E06,,,,,,,,,,,,,,,,40,ŚCA (SHCA),Bảo Loa,"Ư Nhất Thiết Chúng Sinh Giới, <br>
Pháp Lôi Biến Hấu",nghĩa là rống lên lời pháp như sấm sét khắp mọi cõi chúng sinh.,,𑖫𑖿𑖓,,Conch Shell,,Tu tác dụng Tâm Bảo trên thân,"Biến tâm thức Vị Ngã thành tâm thức Vị Tha.  Biến phiền não, u tối thành sự sáng suốt, trí huệ. Hình tướng của Bảo Loa là thông, có đầu vô và có đầu ra, do đó khi tu Bảo Loa ta sẽ không còn tích chứa những tư tưởng đen tối như trả đũa, trả thù (vì tức giận, thù hằn), những cảm xúc buồn khổ, lo lắng, sợ hãi nữa.  Giúp ta trở thành sức mạnh để chuyển hóa những người đầy đau khổ, phiền muộn, tối tăm, khiến họ thức tỉnh tánh tốt sẵn có, phát huy thiện căn và chuyển hóa những bóng tối trong nội tâm họ.","Trì chú thành tiếng.  Quán Chủng Tử Tự ŚCA ở tâm oa thu hút tất cả bóng tối bên dưới vào trong thân, chuyển hóa bóng tối trong thân theo hình xoán trôn, và phát ra ánh sáng quang minh từ bách hội.",,"Chu Lu Chu Lu <br>
Om, Shang Chê Li, <br>
Mô Hô San Man Den, <br>
Sô Pô Hô (108x)","Jyu Lu Jyu Lu (5x) <br>
Om, Shang Jye Li <br>
Mo He San Man Yen <br>
So Po He (108x)",,"Om, Tistha Vajra (3x)",,,,,Holding the Conch Shell,,,"Om, Tistha Vajra (3x)",,,https://drive.google.com/file/d/1qSlK8RtuCvv5ZkKo13I_QDpr2WqbKNFT/view?usp=drive_link,https://drive.google.com/uc?export=download&id=1qSlK8RtuCvv5ZkKo13I_QDpr2WqbKNFT,https://drive.google.com/file/d/1yO0-bHg9EGP7Eo5jpnXLy6vec4-HK7Wj/view?usp=drive_link,https://drive.google.com/uc?export=download&id=1yO0-bHg9EGP7Eo5jpnXLy6vec4-HK7Wj,,,
42.40,42,40,0,0,2,42.40.00.00,        42.40 - Thiền tác dụng Thần Bảo trên thân,B185,A,B,4,,,,,,Y07,E07,,,,,,,,,,,,,,,,40,ŚCA (SHCA),Bảo Loa,"Ư Nhất Thiết Chúng Sinh Giới, <br>
Pháp Lôi Biến Hấu",nghĩa là rống lên lời pháp như sấm sét khắp mọi cõi chúng sinh.,,𑖫𑖿𑖓,,Conch Shell,,Thiền tác dụng Thần Bảo trên thân,"Biến tâm thức Vị Ngã thành tâm thức Vị Tha.  Biến phiền não, u tối thành sự sáng suốt, trí huệ. Hình tướng của Bảo Loa là thông, có đầu vô và có đầu ra, do đó khi tu Bảo Loa ta sẽ không còn tích chứa những tư tưởng đen tối như trả đũa, trả thù (vì tức giận, thù hằn), những cảm xúc buồn khổ, lo lắng, sợ hãi nữa.  Giúp ta trở thành sức mạnh để chuyển hóa những người đầy đau khổ, phiền muộn, tối tăm, khiến họ thức tỉnh tánh tốt sẵn có, phát huy thiện căn và chuyển hóa những bóng tối trong nội tâm họ.",Thầm trì chú trong tâm.  Quán tưởng quá trình chuyển hóa của Pháp.,,"Chu Lu Chu Lu <br>
Om, Shang Chê Li, <br>
Mô Hô San Man Den, <br>
Sô Pô Hô (108x)","Jyu Lu Jyu Lu (5x) <br>
Om, Shang Jye Li <br>
Mo He San Man Yen <br>
So Po He (108x)",,"Om, Tistha Vajra (3x)",,,,,Holding the Conch Shell,,,"Om, Tistha Vajra (3x)",,,https://drive.google.com/file/d/1qSlK8RtuCvv5ZkKo13I_QDpr2WqbKNFT/view?usp=drive_link,https://drive.google.com/uc?export=download&id=1qSlK8RtuCvv5ZkKo13I_QDpr2WqbKNFT,https://drive.google.com/file/d/1yO0-bHg9EGP7Eo5jpnXLy6vec4-HK7Wj/view?usp=drive_link,https://drive.google.com/uc?export=download&id=1yO0-bHg9EGP7Eo5jpnXLy6vec4-HK7Wj,,,
42.41,42,41,0,0,2,42.41.00.00,        42.41 - Tu Nguyện Thành Tựu,B186,A,A,0,E41,E30,,,,,,,F09,,,,,,,,,,,,,,41,ṬA (TTA),Bảo Đạc,"Dĩ Vô Ngã Pháp, <br>
Khai Hiểu Chúng Sinh",nghĩa là dùng pháp vô ngã để khai mở dạy dỗ tất cả chúng sinh.,𑖘 - siddham letter tta (u+11598) copy and paste - Unicode® symbol,𑖘,,Ring of Bell,,Tu Nguyện Thành Tựu,,,,"Chê La Chê La
Na Mô Bô Nô Sin Bô Na Di (5x)
Om, Ơ Mi Li Đan
Dan Sheng Shư Li Di.
Shư Li Nan Li Ning.
Sô Pô Hô (5x)","Je La Je La <br>
Na Mo Bo No Syin Bo Na Yi (5x) <br>
Om, E Mi Li Dan. <br>
Yan Sheng Shr Li Yi. <br>
Shr Li Nyan Li Ning. <br>
So Po He (5x)",,"Om, Suksma Vajra (3x)",Hiện Chư Pháp Môn Tam Muội,,,,,,,"Om, Suksma Vajra (3x)",,,https://drive.google.com/file/d/1R3eYp3IbA8DnEhvhvodoDtv4i8u9880F/view?usp=drive_link,https://drive.google.com/uc?export=download&id=1R3eYp3IbA8DnEhvhvodoDtv4i8u9880F,https://drive.google.com/file/d/1CJw0RUATOCaVGke2O0hVOOVDjQEvaXcq/view?usp=drive_link,https://drive.google.com/uc?export=download&id=1CJw0RUATOCaVGke2O0hVOOVDjQEvaXcq,,,
42.42,42,42,0,0,2,42.42.00.00,        42.42 - Tu Nguyện Thành Tựu,B187,A,A,1,E42,E42,,,E10,,,,E36,E40,,E40,,,,,,,,,,,42,ḌHA (DDHA),Tổng Trì Thiên Tý,"Nhất Thiết Pháp Luân, <br>
Sai Biệt Tạng",nghĩa là sức mạnh tiềm tàng khác nhau của tất cả phạm trù (giác ngộ).,𑖛 - siddham letter ddha (u+1159B) copy and paste - Unicode® symbol,𑖛,,Thousand Hands & Eyes,,Tu Nguyện Thành Tựu,"Tay Mãn Nguyện, Mắt Tin Sâu",Tay kết Định Ấn,,"Mô Pơ Li, Shăng Chê La Dê (5x) <br>
Om, Đa Ni Dê Tô, <br>
Qua Lu Chư Đi, <br>
Shư Qua La Dê, <br>
Sha Pơ Đu Shai, <br>
Cha Ming Hơ Mi Dê, <br>
Sô Pô Hô (5x)
","Mo Pe Li Sheng Jye La Ye (5x) <br>
Om, Da Ni Ye To, <br>
Wa Lu Jr Di, <br>
Shr Wa La Ye, <br>
Sa Pe Du Shai, <br>
Ja Ming He Mi Ye, <br>
So Po He (5x)",,,"Tôi làm cho tất cả chúng sanh được mãn nguyện <br>
– Tinh Tấn Ba La Mật.",,,"Hands Fulfilling Wishes, Eyes of Deep Faith",,,,,,I fulfill all living beings' wishes.,https://drive.google.com/file/d/16PuRvmdAOfd6KOiQJpoxP_qpVlvwyu9A/view?usp=drive_link,https://drive.google.com/uc?export=download&id=16PuRvmdAOfd6KOiQJpoxP_qpVlvwyu9A,,,,,
42.42.4,42,42,4,0,3,42.42.04.00,            42.42.4 - Tu Liên Hoa Bồ Đề Tâm,A068,L,A,28,,,,,,,,,X28,,,,,,,,,,,,,,42,ḌHA (DDHA),Tổng Trì Thiên Tý,"Nhất Thiết Pháp Luân, <br>
Sai Biệt Tạng",nghĩa là sức mạnh tiềm tàng khác nhau của tất cả phạm trù (giác ngộ).,𑖛 - siddham letter ddha (u+1159B) copy and paste - Unicode® symbol,𑖛,,Thousand Hands & Eyes,,Tu Liên Hoa Bồ Đề Tâm,,,,"Mô Pơ Li, Shăng Chê La Dê<br>
Om, Đa Ni Dê Tô, <br>
Qua Lu Chư Đi, <br>
Shư Qua La Dê, <br>
Sha Pơ Đu Shai, <br>
Cha Ming Hơ Mi Dê, <br>
Sô Pô Hô
","Mo Pe Li Sheng Jye La Ye
Om, Da Ni Ye To,
Wa Lu Jr Di,
Shr Wa La Ye,
Sa Pe Du Shai,
Ja Ming He Mi Ye,
So Po He",,,,,,,,,,,,,https://drive.google.com/file/d/16PuRvmdAOfd6KOiQJpoxP_qpVlvwyu9A/view?usp=drive_link,https://drive.google.com/uc?export=download&id=16PuRvmdAOfd6KOiQJpoxP_qpVlvwyu9A,,,,,